"iyear","country_txt","nkill","nwound"
1970,"Argentina",5,2
1970,"Australia",0,0
1970,"Belgium",0,0
1970,"Bolivia",0,0
1970,"Brazil",2,1
1970,"Canada",1,0
1970,"Dominican Republic",1,0
1970,"East Germany (GDR)",0,0
1970,"Egypt",0,2
1970,"Ethiopia",0,0
1970,"Greece",2,0
1970,"Guatemala",2,0
1970,"Iran",0,1
1970,"Ireland",1,0
1970,"Israel",1,0
1970,"Italy",0,0
1970,"Japan",0,0
1970,"Jordan",1,1
1970,"Lebanon",0,0
1970,"Mexico",0,0
1970,"Netherlands",0,0
1970,"Nicaragua",0,0
1970,"Pakistan",1,0
1970,"Paraguay",1,1
1970,"Philippines",41,13
1970,"Spain",0,0
1970,"Switzerland",47,0
1970,"Turkey",0,1
1970,"United Kingdom",20,1
1970,"United States",33,160
1970,"Uruguay",3,0
1970,"Venezuela",0,0
1970,"West Germany (FRG)",8,9
1971,"Argentina",5,0
1971,"Australia",0,0
1971,"Brazil",0,0
1971,"Cambodia",2,10
1971,"Dominican Republic",0,0
1971,"Egypt",1,0
1971,"Ethiopia",0,0
1971,"Greece",0,0
1971,"Iran",4,0
1971,"Ireland",1,0
1971,"Israel",1,11
1971,"Italy",0,0
1971,"Jordan",0,0
1971,"Netherlands",0,0
1971,"Philippines",0,0
1971,"South Yemen",0,0
1971,"Spain",0,0
1971,"Sweden",1,2
1971,"Switzerland",0,3
1971,"Taiwan",25,0
1971,"Turkey",1,0
1971,"United Kingdom",110,1
1971,"United States",20,55
1971,"Uruguay",1,0
1971,"Venezuela",0,0
1971,"West Germany (FRG)",0,0
1971,"Zambia",1,0
1972,"Algeria",0,0
1972,"Argentina",5,0
1972,"Australia",1,0
1972,"Austria",4,5
1972,"Belgium",0,1
1972,"Brazil",0,1
1972,"Cambodia",1,0
1972,"Canada",1,7
1972,"Colombia",1,0
1972,"Czechoslovakia",26,0
1972,"Egypt",0,0
1972,"El Salvador",0,0
1972,"France",1,0
1972,"Greece",0,0
1972,"India",0,0
1972,"Iran",1,3
1972,"Ireland",6,0
1972,"Israel",26,72
1972,"Italy",1,4
1972,"Jordan",2,0
1972,"Kuwait",0,0
1972,"Lebanon",0,0
1972,"Mexico",0,0
1972,"Netherlands",0,0
1972,"Panama",0,0
1972,"Philippines",2,1
1972,"South Vietnam",81,0
1972,"Spain",2,3
1972,"Sweden",0,0
1972,"Thailand",0,0
1972,"Turkey",3,5
1972,"United Kingdom",368,223
1972,"United States",10,35
1972,"Uruguay",0,0
1972,"West Bank and Gaza Strip",1,3
1972,"West Germany (FRG)",23,45
1973,"Afghanistan",0,1
1973,"Argentina",16,4
1973,"Austria",0,0
1973,"Belgium",0,0
1973,"Brazil",0,15
1973,"Chile",0,0
1973,"Colombia",0,0
1973,"Cyprus",1,1
1973,"Dominican Republic",0,0
1973,"Ecuador",0,0
1973,"El Salvador",0,0
1973,"Ethiopia",0,0
1973,"France",5,20
1973,"Greece",5,55
1973,"Haiti",0,0
1973,"Iran",1,0
1973,"Ireland",4,0
1973,"Israel",2,18
1973,"Italy",62,51
1973,"Japan",0,0
1973,"Lebanon",4,0
1973,"Malaysia",0,8
1973,"Mexico",1,0
1973,"Morocco",0,0
1973,"Myanmar",0,0
1973,"Netherlands",1,1
1973,"New Zealand",0,0
1973,"Peru",0,0
1973,"Portugal",0,1
1973,"Spain",6,2
1973,"Sudan",3,0
1973,"Switzerland",0,0
1973,"United Kingdom",210,275
1973,"United States",45,33
1973,"Venezuela",0,0
1973,"West Germany (FRG)",1,1
1973,"Yugoslavia",1,7
1973,"Zaire",0,2
1973,"Zambia",2,0
1974,"Argentina",21,12
1974,"Australia",0,0
1974,"Austria",0,0
1974,"Belgium",0,1
1974,"Bolivia",0,0
1974,"Botswana",1,0
1974,"Canada",0,0
1974,"Chad",0,0
1974,"Dominican Republic",0,0
1974,"East Germany (GDR)",1,0
1974,"Ecuador",0,2
1974,"El Salvador",0,3
1974,"Ethiopia",3,0
1974,"France",3,41
1974,"Greece",92,0
1974,"Guatemala",0,0
1974,"Haiti",0,0
1974,"Iran",1,0
1974,"Ireland",34,0
1974,"Israel",78,145
1974,"Italy",26,48
1974,"Jamaica",0,0
1974,"Japan",0,7
1974,"Kuwait",0,0
1974,"Lebanon",0,10
1974,"Mexico",2,0
1974,"Netherlands",1,0
1974,"Nicaragua",0,0
1974,"North Yemen",0,1
1974,"Pakistan",0,2
1974,"Peru",0,15
1974,"Philippines",3,0
1974,"Singapore",0,0
1974,"South Africa",0,1
1974,"South Korea",1,0
1974,"Spain",19,70
1974,"Switzerland",0,0
1974,"Syria",1,9
1974,"Thailand",2,0
1974,"Turkey",0,1
1974,"United Arab Emirates",1,2
1974,"United Kingdom",235,329
1974,"United States",16,54
1974,"Venezuela",0,0
1974,"West Germany (FRG)",1,10
1974,"Yugoslavia",0,0
1975,"Argentina",123,16
1975,"Austria",4,11
1975,"Colombia",7,0
1975,"Cyprus",0,1
1975,"El Salvador",2,0
1975,"Ethiopia",0,0
1975,"France",3,25
1975,"Greece",1,0
1975,"Guatemala",23,1
1975,"India",4,0
1975,"Iran",8,0
1975,"Iraq",0,1
1975,"Ireland",7,0
1975,"Israel",24,62
1975,"Italy",0,0
1975,"Japan",0,2
1975,"Kenya",27,100
1975,"Kuwait",0,0
1975,"Lebanon",28,29
1975,"Malaysia",0,3
1975,"Mexico",32,5
1975,"Namibia",1,0
1975,"Netherlands",4,2
1975,"Nicaragua",11,0
1975,"Pakistan",1,0
1975,"Peru",0,0
1975,"Philippines",1,45
1975,"Portugal",0,0
1975,"Somalia",0,0
1975,"Spain",31,2
1975,"Sri Lanka",1,0
1975,"Sweden",3,13
1975,"Switzerland",0,0
1975,"Syria",0,0
1975,"Tanzania",0,0
1975,"Turkey",0,0
1975,"United Kingdom",245,129
1975,"United States",24,158
1975,"Venezuela",0,0
1975,"West Germany (FRG)",1,12
1975,"Zambia",1,0
1976,"Argentina",122,90
1976,"Austria",0,0
1976,"Bahamas",0,0
1976,"Barbados",73,0
1976,"Belgium",0,0
1976,"Bolivia",0,0
1976,"Brazil",0,1
1976,"Chile",0,1
1976,"Colombia",10,13
1976,"Costa Rica",0,6
1976,"Ecuador",1,1
1976,"El Salvador",3,1
1976,"Ethiopia",0,0
1976,"France",7,10
1976,"Greece",14,1
1976,"Guatemala",8,8
1976,"India",0,0
1976,"Iran",5,0
1976,"Iraq",12,285
1976,"Ireland",5,0
1976,"Israel",1,39
1976,"Italy",10,38
1976,"Jamaica",0,0
1976,"Japan",2,0
1976,"Jordan",9,5
1976,"Kenya",0,0
1976,"Kuwait",0,0
1976,"Lebanon",4,1
1976,"Mexico",26,5
1976,"Namibia",3,0
1976,"Netherlands",0,0
1976,"Pakistan",1,3
1976,"Panama",0,0
1976,"Paraguay",1,0
1976,"Philippines",47,73
1976,"Portugal",3,11
1976,"South Africa",2,0
1976,"Spain",17,5
1976,"Switzerland",0,0
1976,"Syria",5,35
1976,"Taiwan",0,1
1976,"Trinidad and Tobago",0,3
1976,"Turkey",7,23
1976,"United Kingdom",264,19
1976,"United States",4,41
1976,"Venezuela",0,0
1976,"West Bank and Gaza Strip",2,0
1976,"West Germany (FRG)",4,36
1977,"Argentina",7,12
1977,"Austria",1,1
1977,"Bangladesh",0,1
1977,"Belgium",0,0
1977,"Bolivia",0,0
1977,"Brazil",0,1
1977,"Chile",0,0
1977,"Colombia",38,29
1977,"Costa Rica",0,0
1977,"Cyprus",0,0
1977,"Djibouti",1,1
1977,"East Germany (GDR)",0,0
1977,"Ecuador",1,0
1977,"Egypt",1,0
1977,"El Salvador",4,0
1977,"Ethiopia",5,0
1977,"France",3,7
1977,"Greece",1,1
1977,"Guatemala",6,0
1977,"India",0,0
1977,"Indonesia",1,1
1977,"Iran",2,1
1977,"Ireland",2,0
1977,"Israel",5,24
1977,"Italy",25,57
1977,"Lebanon",3,1
1977,"Malaysia",100,1
1977,"Malta",1,0
1977,"Mauritania",4,0
1977,"Mexico",11,15
1977,"Netherlands",9,1
1977,"Nicaragua",26,12
1977,"North Yemen",1,0
1977,"People's Republic of the Congo",0,0
1977,"Peru",0,0
1977,"Portugal",0,11
1977,"South Africa",5,35
1977,"Spain",44,101
1977,"Switzerland",0,3
1977,"Syria",1,0
1977,"Thailand",1,70
1977,"Turkey",29,89
1977,"United Arab Emirates",1,0
1977,"United Kingdom",103,17
1977,"United States",4,17
1977,"Venezuela",1,0
1977,"West Germany (FRG)",6,2
1977,"Yugoslavia",1,7
1977,"Zaire",1,0
1977,"Zambia",1,0
1978,"Algeria",0,1
1978,"Angola",0,40
1978,"Argentina",13,11
1978,"Australia",2,9
1978,"Belgium",1,0
1978,"Bolivia",0,0
1978,"Brazil",1,1
1978,"Cambodia",1,0
1978,"Chile",0,2
1978,"Colombia",71,23
1978,"Costa Rica",0,0
1978,"Cyprus",16,1
1978,"Denmark",0,0
1978,"Dominican Republic",3,0
1978,"East Germany (GDR)",0,1
1978,"Ecuador",2,9
1978,"Egypt",2,0
1978,"El Salvador",33,37
1978,"Ethiopia",25,0
1978,"France",21,17
1978,"Greece",0,4
1978,"Guatemala",35,18
1978,"Guyana",5,0
1978,"Indonesia",0,1
1978,"Iran",447,60
1978,"Ireland",1,0
1978,"Israel",52,259
1978,"Italy",26,46
1978,"Japan",4,53
1978,"Kenya",4,0
1978,"Kuwait",1,0
1978,"Lebanon",107,173
1978,"Mexico",7,18
1978,"Morocco",10,0
1978,"Mozambique",2,6
1978,"Namibia",2,65
1978,"Netherlands",1,16
1978,"Nicaragua",93,88
1978,"North Yemen",1,0
1978,"Pakistan",5,2
1978,"Peru",0,0
1978,"Philippines",128,193
1978,"Portugal",0,11
1978,"Rhodesia",73,7
1978,"South Africa",6,3
1978,"Soviet Union",4,0
1978,"Spain",84,123
1978,"Sweden",0,0
1978,"Switzerland",0,0
1978,"Thailand",29,25
1978,"Turkey",40,111
1978,"United Arab Emirates",5,0
1978,"United Kingdom",81,113
1978,"United States",8,8
1978,"Venezuela",1,5
1978,"West Bank and Gaza Strip",6,37
1978,"West Germany (FRG)",0,3
1978,"Western Sahara",0,0
1978,"Zambia",0,0
1979,"Afghanistan",53,1
1979,"Angola",19,30
1979,"Argentina",11,12
1979,"Australia",0,9
1979,"Austria",0,6
1979,"Bahrain",0,0
1979,"Bangladesh",0,0
1979,"Belgium",1,42
1979,"Bolivia",0,7
1979,"Brazil",4,0
1979,"Chile",6,3
1979,"Colombia",156,54
1979,"Costa Rica",3,0
1979,"Cyprus",2,0
1979,"Denmark",0,2
1979,"Djibouti",4,3
1979,"Dominican Republic",1,1
1979,"Ecuador",0,0
1979,"Egypt",1,4
1979,"El Salvador",286,93
1979,"Ethiopia",101,8
1979,"France",11,41
1979,"Gabon",2,0
1979,"Greece",1,5
1979,"Guatemala",53,19
1979,"Guyana",1,0
1979,"Honduras",1,12
1979,"India",31,19
1979,"Iran",57,251
1979,"Iraq",1,0
1979,"Ireland",9,0
1979,"Israel",64,385
1979,"Italy",24,138
1979,"Jamaica",4,0
1979,"Japan",5,2
1979,"Lebanon",33,94
1979,"Lesotho",0,0
1979,"Libya",0,1
1979,"Malaysia",5,0
1979,"Mexico",5,0
1979,"Morocco",0,34
1979,"Mozambique",34,0
1979,"Myanmar",86,175
1979,"Namibia",32,35
1979,"Netherlands",3,0
1979,"Nicaragua",187,63
1979,"Norway",0,0
1979,"Pakistan",6,42
1979,"Panama",1,1
1979,"Peru",5,1
1979,"Philippines",107,76
1979,"Poland",0,5
1979,"Portugal",3,6
1979,"Rhodesia",120,52
1979,"Saudi Arabia",5,10
1979,"South Africa",8,30
1979,"Spain",112,284
1979,"Sri Lanka",2,1
1979,"Sweden",1,0
1979,"Switzerland",1,5
1979,"Syria",80,31
1979,"Tanzania",1,0
1979,"Thailand",62,49
1979,"Trinidad and Tobago",0,0
1979,"Tunisia",0,0
1979,"Turkey",123,118
1979,"Uganda",13,3
1979,"United Kingdom",133,146
1979,"United States",18,58
1979,"Venezuela",0,0
1979,"West Bank and Gaza Strip",2,25
1979,"West Germany (FRG)",0,10
1979,"Zambia",0,0
1980,"Argentina",0,1
1980,"Australia",2,3
1980,"Austria",0,8
1980,"Bahrain",0,0
1980,"Bangladesh",6,80
1980,"Belgium",2,20
1980,"Belize",0,0
1980,"Bolivia",11,51
1980,"Brazil",19,3
1980,"Canada",0,0
1980,"Chile",6,11
1980,"Colombia",159,32
1980,"Costa Rica",0,1
1980,"Cyprus",3,0
1980,"Dominican Republic",1,2
1980,"Ecuador",2,6
1980,"Egypt",1,10
1980,"El Salvador",2383,277
1980,"France",20,74
1980,"Greece",5,2
1980,"Grenada",9,20
1980,"Guadeloupe",1,2
1980,"Guatemala",528,143
1980,"Guinea",1,1
1980,"Guyana",1,1
1980,"Honduras",6,8
1980,"Hong Kong",0,2
1980,"India",17,13
1980,"Iran",55,381
1980,"Iraq",8,9
1980,"Ireland",12,8
1980,"Israel",14,79
1980,"Italy",125,265
1980,"Jamaica",11,1
1980,"Jordan",1,0
1980,"Kenya",15,85
1980,"Kuwait",0,0
1980,"Lebanon",90,267
1980,"Libya",0,0
1980,"Mexico",3,0
1980,"Myanmar",6,8
1980,"Namibia",2,3
1980,"Netherlands",0,0
1980,"New Hebrides",0,0
1980,"Nicaragua",37,13
1980,"Pakistan",17,18
1980,"Panama",0,0
1980,"Paraguay",3,0
1980,"Peru",2,5
1980,"Philippines",163,540
1980,"Portugal",3,9
1980,"Rhodesia",24,99
1980,"Senegal",0,0
1980,"Somalia",1,0
1980,"South Africa",26,31
1980,"Spain",116,184
1980,"Switzerland",0,3
1980,"Syria",89,27
1980,"Thailand",75,171
1980,"Tunisia",41,100
1980,"Turkey",111,61
1980,"United Arab Emirates",1,15
1980,"United Kingdom",78,92
1980,"United States",15,22
1980,"Venezuela",3,13
1980,"West Bank and Gaza Strip",31,70
1980,"West Germany (FRG)",17,218
1980,"Yugoslavia",0,2
1980,"Zimbabwe",13,75
1981,"Albania",0,0
1981,"Angola",3,0
1981,"Argentina",0,0
1981,"Australia",1,0
1981,"Austria",3,20
1981,"Bahamas",0,0
1981,"Bangladesh",6,2
1981,"Belgium",6,97
1981,"Bolivia",1,1
1981,"Brazil",2,3
1981,"Central African Republic",3,0
1981,"Chile",19,2
1981,"Colombia",365,49
1981,"Costa Rica",4,5
1981,"Cyprus",0,6
1981,"Denmark",0,6
1981,"Dominica",3,10
1981,"Ecuador",2,2
1981,"Egypt",67,89
1981,"El Salvador",1578,359
1981,"France",8,78
1981,"Greece",3,74
1981,"Guadeloupe",0,0
1981,"Guatemala",1381,285
1981,"Guyana",1,0
1981,"Honduras",7,14
1981,"Hong Kong",0,25
1981,"India",24,12
1981,"Indonesia",4,0
1981,"Iran",224,263
1981,"Ireland",2,0
1981,"Israel",3,28
1981,"Italy",24,38
1981,"Jamaica",5,0
1981,"Japan",0,0
1981,"Jordan",0,2
1981,"Kuwait",2,0
1981,"Lebanon",264,745
1981,"Lesotho",10,6
1981,"Martinique",0,0
1981,"Mexico",0,6
1981,"Mozambique",6,0
1981,"Netherlands",0,0
1981,"New Zealand",0,0
1981,"Nicaragua",172,28
1981,"North Yemen",1,0
1981,"Norway",0,0
1981,"Pakistan",4,4
1981,"Panama",1,2
1981,"Peru",10,19
1981,"Philippines",176,362
1981,"Poland",0,1
1981,"Portugal",2,3
1981,"Seychelles",0,0
1981,"Somalia",0,2
1981,"South Africa",8,24
1981,"Spain",39,85
1981,"Sri Lanka",3,6
1981,"Sudan",2,3
1981,"Switzerland",2,31
1981,"Syria",192,223
1981,"Thailand",21,62
1981,"Turkey",11,11
1981,"Uganda",57,9
1981,"United Arab Emirates",2,7
1981,"United Kingdom",86,118
1981,"United States",8,15
1981,"Vatican City",0,3
1981,"Venezuela",2,0
1981,"West Bank and Gaza Strip",6,57
1981,"West Germany (FRG)",2,31
1981,"Yugoslavia",0,4
1981,"Zambia",0,0
1981,"Zimbabwe",13,0
1982,"Angola",2,0
1982,"Argentina",1,0
1982,"Australia",0,3
1982,"Austria",0,0
1982,"Bangladesh",0,4
1982,"Belgium",0,4
1982,"Bolivia",0,1
1982,"Brazil",27,0
1982,"Bulgaria",2,0
1982,"Canada",1,8
1982,"Chile",2,2
1982,"Colombia",368,111
1982,"Costa Rica",4,10
1982,"Cyprus",0,0
1982,"Dominican Republic",5,3
1982,"East Germany (GDR)",0,0
1982,"Ecuador",1,1
1982,"Egypt",0,3
1982,"El Salvador",1549,193
1982,"France",17,144
1982,"Greece",2,0
1982,"Guatemala",1562,152
1982,"Honduras",24,12
1982,"India",64,102
1982,"Iran",139,985
1982,"Iraq",96,138
1982,"Ireland",2,1
1982,"Israel",3,16
1982,"Italy",12,59
1982,"Japan",0,0
1982,"Jordan",0,6
1982,"Kuwait",0,1
1982,"Lebanon",233,459
1982,"Lesotho",0,5
1982,"Mexico",1,0
1982,"Mozambique",18,50
1982,"Myanmar",3,0
1982,"Namibia",2,0
1982,"Netherlands",0,1
1982,"Nicaragua",254,23
1982,"Pakistan",3,9
1982,"People's Republic of the Congo",15,0
1982,"Peru",243,71
1982,"Philippines",139,250
1982,"Portugal",3,1
1982,"Qatar",1,0
1982,"South Africa",9,74
1982,"South Korea",1,3
1982,"Spain",42,53
1982,"Sri Lanka",7,0
1982,"Sudan",0,0
1982,"Suriname",0,0
1982,"Swaziland",0,0
1982,"Switzerland",0,0
1982,"Syria",98,23
1982,"Tanzania",0,1
1982,"Thailand",1,20
1982,"Turkey",9,71
1982,"United Kingdom",95,152
1982,"United States",11,37
1982,"Venezuela",30,0
1982,"West Bank and Gaza Strip",7,36
1982,"West Germany (FRG)",5,44
1982,"Zimbabwe",22,0
1983,"Angola",282,349
1983,"Argentina",1,3
1983,"Belgium",2,7
1983,"Bolivia",0,3
1983,"Brazil",0,12
1983,"Canada",0,0
1983,"Chile",15,25
1983,"Colombia",437,75
1983,"Costa Rica",0,0
1983,"Cyprus",0,1
1983,"Ecuador",0,0
1983,"El Salvador",1667,458
1983,"Ethiopia",0,0
1983,"France",20,186
1983,"French Guiana",1,0
1983,"Greece",4,6
1983,"Grenada",0,1
1983,"Guadeloupe",0,20
1983,"Guatemala",530,176
1983,"Haiti",5,9
1983,"Honduras",75,6
1983,"Iceland",0,0
1983,"India",59,217
1983,"Iran",0,6
1983,"Iraq",1,0
1983,"Ireland",5,0
1983,"Israel",16,72
1983,"Italy",2,3
1983,"Japan",2,1
1983,"Jordan",0,1
1983,"Kuwait",1,13
1983,"Lebanon",615,1005
1983,"Lesotho",30,8
1983,"Luxembourg",0,0
1983,"Malaysia",0,0
1983,"Martinique",0,0
1983,"Mexico",0,2
1983,"Mozambique",5,2
1983,"Myanmar",21,50
1983,"Namibia",4,0
1983,"Netherlands",0,0
1983,"Nicaragua",3277,316
1983,"Nigeria",1,2
1983,"Pakistan",10,26
1983,"Panama",0,1
1983,"Peru",1818,263
1983,"Philippines",101,30
1983,"Portugal",8,4
1983,"South Africa",28,316
1983,"South Korea",1,4
1983,"South Yemen",0,2
1983,"Spain",42,70
1983,"Sri Lanka",6,9
1983,"Sudan",0,0
1983,"Suriname",0,2
1983,"Sweden",1,0
1983,"Switzerland",0,0
1983,"Syria",1,0
1983,"Thailand",0,0
1983,"Trinidad and Tobago",0,14
1983,"Turkey",2,24
1983,"Uganda",121,2
1983,"United Arab Emirates",111,0
1983,"United Kingdom",77,186
1983,"United States",8,5
1983,"Venezuela",7,0
1983,"West Bank and Gaza Strip",9,22
1983,"West Germany (FRG)",2,25
1983,"Yugoslavia",2,4
1983,"Zimbabwe",11,3
1984,"Angola",179,70
1984,"Argentina",1,4
1984,"Austria",2,1
1984,"Bangladesh",1,0
1984,"Belgium",0,1
1984,"Bolivia",1,3
1984,"Brazil",0,1
1984,"Bulgaria",0,0
1984,"Burkina Faso",1,0
1984,"Chad",0,25
1984,"Chile",37,158
1984,"Colombia",485,296
1984,"Costa Rica",0,0
1984,"Cyprus",6,5
1984,"East Germany (GDR)",0,1
1984,"Ecuador",1,2
1984,"El Salvador",1315,487
1984,"Ethiopia",200,200
1984,"France",15,57
1984,"Greece",5,89
1984,"Guadeloupe",4,5
1984,"Guatemala",171,34
1984,"Honduras",5,1
1984,"India",195,364
1984,"Indonesia",2,0
1984,"Iran",29,355
1984,"Iraq",0,1
1984,"Ireland",1,0
1984,"Israel",7,90
1984,"Italy",23,116
1984,"Japan",0,11
1984,"Jordan",1,4
1984,"Kuwait",4,2
1984,"Lebanon",61,241
1984,"Lesotho",1,1
1984,"Libya",15,1
1984,"Malta",0,0
1984,"Martinique",0,0
1984,"Mexico",13,9
1984,"Mozambique",56,94
1984,"Namibia",26,42
1984,"Netherlands",0,1
1984,"New Caledonia",11,1
1984,"New Zealand",1,0
1984,"Nicaragua",3617,310
1984,"Pakistan",12,49
1984,"Panama",0,0
1984,"Paraguay",1,1
1984,"Peru",2467,519
1984,"Philippines",262,108
1984,"Portugal",3,13
1984,"Romania",1,0
1984,"Saudi Arabia",0,1
1984,"Somalia",0,2
1984,"South Africa",21,83
1984,"Spain",51,77
1984,"Sri Lanka",485,225
1984,"Sudan",305,10
1984,"Suriname",0,0
1984,"Swaziland",1,0
1984,"Switzerland",0,0
1984,"Syria",0,1
1984,"Thailand",0,20
1984,"Turkey",27,19
1984,"Uganda",235,0
1984,"United Kingdom",69,249
1984,"United States",3,780
1984,"Uruguay",0,0
1984,"Venezuela",2,0
1984,"West Bank and Gaza Strip",5,48
1984,"West Germany (FRG)",0,2
1984,"Yugoslavia",2,1
1984,"Zaire",2,0
1984,"Zimbabwe",4,0
1985,"Angola",6,0
1985,"Argentina",2,10
1985,"Austria",4,50
1985,"Bangladesh",0,13
1985,"Belgium",10,20
1985,"Bolivia",0,0
1985,"Botswana",0,1
1985,"Brazil",0,0
1985,"Canada",331,2
1985,"Chad",0,0
1985,"Chile",30,148
1985,"Colombia",935,365
1985,"Costa Rica",0,0
1985,"Cyprus",3,0
1985,"Denmark",1,10
1985,"East Germany (GDR)",0,0
1985,"Ecuador",4,2
1985,"Egypt",2,2
1985,"El Salvador",1013,279
1985,"Ethiopia",0,0
1985,"France",17,83
1985,"Greece",64,170
1985,"Guadeloupe",2,18
1985,"Guatemala",137,17
1985,"Honduras",7,8
1985,"India",51,79
1985,"Indonesia",7,14
1985,"Iran",22,52
1985,"Ireland",2,0
1985,"Israel",12,46
1985,"Italy",19,157
1985,"Japan",2,7
1985,"Kuwait",11,18
1985,"Lebanon",644,1530
1985,"Luxembourg",0,6
1985,"Malta",0,0
1985,"Mexico",0,0
1985,"Morocco",0,0
1985,"Mozambique",8,136
1985,"Namibia",74,26
1985,"Nepal",6,22
1985,"Netherlands",0,0
1985,"New Caledonia",0,11
1985,"Nicaragua",1575,231
1985,"Niger",3,0
1985,"Pakistan",0,1
1985,"Paraguay",0,0
1985,"Peru",729,127
1985,"Philippines",452,377
1985,"Portugal",1,8
1985,"Romania",2,0
1985,"Saudi Arabia",1,3
1985,"Singapore",0,0
1985,"South Africa",82,251
1985,"Spain",67,182
1985,"Sri Lanka",611,293
1985,"Switzerland",0,10
1985,"Syria",30,30
1985,"Thailand",0,0
1985,"Togo",1,2
1985,"Turkey",1,0
1985,"Uganda",32,8
1985,"United Arab Emirates",0,1
1985,"United Kingdom",64,175
1985,"United States",3,13
1985,"Uruguay",0,0
1985,"Venezuela",0,0
1985,"West Bank and Gaza Strip",0,2
1985,"West Germany (FRG)",9,114
1985,"Zambia",0,0
1985,"Zimbabwe",5,0
1986,"Angola",119,23
1986,"Argentina",2,12
1986,"Australia",1,22
1986,"Austria",0,0
1986,"Bangladesh",54,263
1986,"Belgium",0,2
1986,"Bolivia",1,0
1986,"Brazil",14,0
1986,"Canada",0,1
1986,"Central African Republic",0,0
1986,"Chad",0,1
1986,"Chile",22,128
1986,"Colombia",771,96
1986,"Costa Rica",0,3
1986,"Cyprus",1,2
1986,"Denmark",0,0
1986,"East Germany (GDR)",1,34
1986,"Ecuador",13,0
1986,"Egypt",12,21
1986,"El Salvador",293,187
1986,"Ethiopia",40,0
1986,"Finland",0,1
1986,"France",25,306
1986,"Greece",6,14
1986,"Guadeloupe",0,0
1986,"Guatemala",54,14
1986,"Honduras",10,4
1986,"Iceland",0,0
1986,"India",340,163
1986,"Indonesia",0,2
1986,"Iran",39,144
1986,"Ireland",0,0
1986,"Israel",8,144
1986,"Italy",1,1
1986,"Jamaica",3,0
1986,"Japan",3,1
1986,"Kuwait",0,1
1986,"Lebanon",247,1018
1986,"Luxembourg",0,0
1986,"Malaysia",20,54
1986,"Malta",1,0
1986,"Mexico",0,0
1986,"Morocco",2,2
1986,"Mozambique",470,17
1986,"Namibia",5,23
1986,"Netherlands",0,0
1986,"New Caledonia",0,0
1986,"Nicaragua",395,103
1986,"Pakistan",60,351
1986,"Panama",0,0
1986,"Peru",513,271
1986,"Philippines",322,355
1986,"Portugal",1,1
1986,"Saudi Arabia",62,32
1986,"South Africa",153,437
1986,"South Korea",5,30
1986,"Spain",57,196
1986,"Sri Lanka",690,917
1986,"Sudan",8,1
1986,"Suriname",2,3
1986,"Sweden",1,1
1986,"Syria",8,8
1986,"Thailand",0,3
1986,"Tunisia",0,0
1986,"Turkey",26,7
1986,"Uganda",1,0
1986,"United Arab Emirates",0,0
1986,"United Kingdom",63,80
1986,"United States",1,36
1986,"Uruguay",0,0
1986,"Venezuela",13,12
1986,"West Bank and Gaza Strip",4,24
1986,"West Germany (FRG)",9,242
1986,"Western Sahara",1,0
1986,"Zambia",2,0
1986,"Zimbabwe",1,0
1987,"Afghanistan",0,2
1987,"Angola",5,10
1987,"Argentina",3,11
1987,"Austria",0,1
1987,"Bangladesh",26,2
1987,"Belgium",1,0
1987,"Bolivia",1,25
1987,"Botswana",3,4
1987,"Brazil",0,11
1987,"Chile",9,29
1987,"Colombia",655,277
1987,"Costa Rica",0,0
1987,"Cyprus",1,2
1987,"Denmark",0,0
1987,"Djibouti",10,40
1987,"Dominican Republic",7,4
1987,"East Germany (GDR)",0,1
1987,"Ecuador",0,1
1987,"Egypt",1,12
1987,"El Salvador",421,317
1987,"Ethiopia",0,0
1987,"Fiji",0,1
1987,"France",5,8
1987,"Ghana",0,0
1987,"Greece",2,37
1987,"Guatemala",211,38
1987,"Haiti",4,6
1987,"Honduras",21,12
1987,"India",506,429
1987,"Iran",0,0
1987,"Iraq",0,4
1987,"Ireland",6,0
1987,"Israel",11,62
1987,"Italy",3,0
1987,"Japan",1,3
1987,"Kuwait",1,0
1987,"Lebanon",178,338
1987,"Malta",0,11
1987,"Martinique",0,0
1987,"Mexico",0,0
1987,"Morocco",200,0
1987,"Mozambique",468,170
1987,"Myanmar",0,0
1987,"Namibia",2,3
1987,"Netherlands",0,0
1987,"Nicaragua",549,294
1987,"Norway",1,9
1987,"Pakistan",183,1095
1987,"Panama",1,0
1987,"Paraguay",0,0
1987,"Peru",773,357
1987,"Philippines",404,485
1987,"Singapore",0,0
1987,"Somalia",0,0
1987,"South Africa",120,388
1987,"Spain",62,205
1987,"Sri Lanka",1274,781
1987,"Sudan",0,0
1987,"Suriname",6,7
1987,"Swaziland",4,1
1987,"Switzerland",1,0
1987,"Tunisia",0,13
1987,"Turkey",187,80
1987,"Uganda",1,4
1987,"United Kingdom",104,120
1987,"United States",1,1
1987,"Venezuela",3,0
1987,"West Bank and Gaza Strip",3,7
1987,"West Germany (FRG)",2,32
1987,"Zambia",0,0
1987,"Zimbabwe",35,19
1988,"Afghanistan",128,106
1988,"Angola",145,138
1988,"Argentina",1,20
1988,"Australia",0,0
1988,"Austria",0,1
1988,"Bangladesh",87,166
1988,"Belgium",1,0
1988,"Bolivia",2,0
1988,"Botswana",1,5
1988,"Brazil",0,0
1988,"Chile",19,81
1988,"Colombia",1096,419
1988,"Costa Rica",0,6
1988,"Cyprus",6,15
1988,"Denmark",0,0
1988,"Djibouti",0,0
1988,"Dominican Republic",0,4
1988,"East Germany (GDR)",0,0
1988,"Ecuador",4,7
1988,"Egypt",1,17
1988,"El Salvador",361,364
1988,"Ethiopia",0,0
1988,"France",6,19
1988,"Greece",14,104
1988,"Guadeloupe",0,0
1988,"Guatemala",135,35
1988,"Haiti",3,0
1988,"Honduras",32,11
1988,"India",966,1033
1988,"Iran",18,7
1988,"Iraq",43,104
1988,"Israel",13,43
1988,"Italy",6,19
1988,"Japan",0,26
1988,"Jordan",0,0
1988,"Kuwait",2,1
1988,"Lebanon",176,601
1988,"Lesotho",4,11
1988,"Malaysia",9,2
1988,"Martinique",0,1
1988,"Mauritius",0,1
1988,"Mexico",2,0
1988,"Mozambique",145,163
1988,"Myanmar",93,247
1988,"Namibia",25,80
1988,"Netherlands",4,6
1988,"New Caledonia",22,11
1988,"Nicaragua",208,78
1988,"Nigeria",4,0
1988,"North Yemen",0,0
1988,"Pakistan",136,266
1988,"Panama",0,1
1988,"Peru",855,246
1988,"Philippines",550,256
1988,"Portugal",2,0
1988,"Saudi Arabia",0,0
1988,"Senegal",2,4
1988,"Somalia",0,5
1988,"South Africa",152,606
1988,"South Korea",0,0
1988,"Spain",25,144
1988,"Sri Lanka",885,981
1988,"Sudan",58,28
1988,"Suriname",6,4
1988,"Switzerland",0,5
1988,"Thailand",10,2
1988,"Turkey",102,21
1988,"Uganda",160,22
1988,"United Kingdom",372,263
1988,"United States",1,1
1988,"Venezuela",41,5
1988,"West Bank and Gaza Strip",10,13
1988,"West Germany (FRG)",1,14
1988,"Zaire",28,0
1988,"Zambia",9,18
1988,"Zimbabwe",2,3
1989,"Afghanistan",10,84
1989,"Angola",88,10
1989,"Argentina",26,17
1989,"Australia",0,0
1989,"Austria",3,0
1989,"Bangladesh",131,196
1989,"Belgium",4,3
1989,"Bolivia",2,0
1989,"Brazil",1,0
1989,"Cambodia",11,0
1989,"Canada",15,14
1989,"Chile",19,20
1989,"China",20,12
1989,"Colombia",751,510
1989,"Costa Rica",1,2
1989,"Cyprus",1,1
1989,"Czechoslovakia",0,0
1989,"Denmark",0,0
1989,"Dominican Republic",1,2
1989,"East Germany (GDR)",0,0
1989,"Ecuador",9,2
1989,"Egypt",1,1
1989,"El Salvador",350,612
1989,"Ethiopia",1,0
1989,"Fiji",0,0
1989,"France",3,2
1989,"Greece",4,5
1989,"Guatemala",43,70
1989,"Haiti",0,9
1989,"Honduras",9,22
1989,"Hong Kong",0,0
1989,"Hungary",0,0
1989,"India",874,769
1989,"Indonesia",85,27
1989,"Iran",14,0
1989,"Iraq",0,25
1989,"Ireland",3,0
1989,"Israel",27,48
1989,"Italy",0,1
1989,"Japan",2,1
1989,"Kenya",4,5
1989,"Laos",2,0
1989,"Lebanon",113,364
1989,"Malaysia",0,8
1989,"Mauritius",0,0
1989,"Mexico",0,0
1989,"Mozambique",710,275
1989,"Myanmar",80,70
1989,"Namibia",1,7
1989,"Netherlands",0,5
1989,"New Caledonia",2,0
1989,"Nicaragua",48,24
1989,"Niger",171,0
1989,"Pakistan",56,248
1989,"Panama",0,0
1989,"Papua New Guinea",13,25
1989,"Peru",1502,340
1989,"Philippines",393,323
1989,"Portugal",1,0
1989,"Qatar",3,0
1989,"Saudi Arabia",1,16
1989,"Somalia",30,0
1989,"South Africa",57,141
1989,"South Korea",0,0
1989,"Soviet Union",6,27
1989,"Spain",29,35
1989,"Sri Lanka",1822,740
1989,"Sudan",14,1
1989,"Suriname",14,6
1989,"Swaziland",0,0
1989,"Sweden",0,0
1989,"Syria",0,0
1989,"Thailand",35,51
1989,"Trinidad and Tobago",0,0
1989,"Turkey",232,53
1989,"Uganda",72,37
1989,"United Arab Emirates",1,0
1989,"United Kingdom",66,174
1989,"United States",3,14
1989,"Uruguay",1,0
1989,"Venezuela",14,0
1989,"West Bank and Gaza Strip",72,30
1989,"West Germany (FRG)",5,8
1989,"Yugoslavia",0,0
1989,"Zambia",33,11
1989,"Zimbabwe",21,9
1990,"Afghanistan",12,122
1990,"Albania",0,0
1990,"Algeria",3,1
1990,"Angola",147,217
1990,"Argentina",1,1
1990,"Austria",0,0
1990,"Bangladesh",66,132
1990,"Belgium",2,0
1990,"Bolivia",6,33
1990,"Botswana",6,0
1990,"Brazil",3,4
1990,"Bulgaria",0,0
1990,"Cambodia",0,0
1990,"Chile",8,38
1990,"China",2,10
1990,"Colombia",694,747
1990,"Costa Rica",0,0
1990,"Cyprus",0,2
1990,"Czechoslovakia",0,20
1990,"Djibouti",1,14
1990,"Dominican Republic",3,3
1990,"East Germany (GDR)",0,0
1990,"Ecuador",3,6
1990,"Egypt",21,32
1990,"El Salvador",294,224
1990,"Ethiopia",17,0
1990,"France",3,3
1990,"Germany",0,0
1990,"Greece",2,10
1990,"Guatemala",68,42
1990,"Guyana",0,3
1990,"Haiti",13,106
1990,"Honduras",3,13
1990,"Hong Kong",0,0
1990,"India",907,1042
1990,"Indonesia",12,0
1990,"Iran",10,2
1990,"Ireland",0,0
1990,"Israel",57,192
1990,"Italy",0,0
1990,"Japan",2,125
1990,"Jordan",0,5
1990,"Laos",0,0
1990,"Lebanon",113,191
1990,"Liberia",2,0
1990,"Malaysia",0,3
1990,"Mali",14,1
1990,"Mexico",3,1
1990,"Mozambique",185,126
1990,"Myanmar",71,51
1990,"Namibia",0,0
1990,"Netherlands",2,1
1990,"Nicaragua",23,8
1990,"Pakistan",188,486
1990,"Panama",2,54
1990,"Papua New Guinea",12,12
1990,"Peru",1146,237
1990,"Philippines",457,340
1990,"Poland",1,1
1990,"Republic of the Congo",0,0
1990,"Senegal",20,65
1990,"Somalia",5,0
1990,"South Africa",150,293
1990,"South Korea",0,1
1990,"Soviet Union",58,101
1990,"Spain",32,138
1990,"Sri Lanka",1505,356
1990,"Sudan",0,0
1990,"Suriname",0,0
1990,"Sweden",1,11
1990,"Switzerland",1,0
1990,"Taiwan",0,0
1990,"Thailand",22,54
1990,"Turkey",512,219
1990,"Uganda",84,31
1990,"United Kingdom",76,123
1990,"United States",5,7
1990,"Uruguay",0,0
1990,"Venezuela",0,0
1990,"West Bank and Gaza Strip",62,28
1990,"West Germany (FRG)",1,4
1990,"Yugoslavia",0,0
1990,"Zambia",20,22
1990,"Zimbabwe",9,14
1991,"Afghanistan",68,127
1991,"Albania",0,0
1991,"Algeria",42,73
1991,"Angola",69,75
1991,"Argentina",1,7
1991,"Armenia",0,0
1991,"Australia",0,0
1991,"Austria",0,0
1991,"Azerbaijan",26,4
1991,"Bahrain",1,0
1991,"Bangladesh",69,454
1991,"Belgium",1,0
1991,"Belize",2,0
1991,"Bolivia",7,1
1991,"Brazil",12,17
1991,"Bulgaria",0,0
1991,"Burkina Faso",1,2
1991,"Burundi",117,41
1991,"Cambodia",16,18
1991,"Cameroon",36,0
1991,"Central African Republic",3,7
1991,"Chad",40,0
1991,"Chile",16,30
1991,"China",0,0
1991,"Colombia",742,420
1991,"Costa Rica",0,0
1991,"Croatia",237,35
1991,"Cuba",0,0
1991,"Cyprus",0,0
1991,"Czechoslovakia",1,0
1991,"Denmark",0,0
1991,"Djibouti",8,26
1991,"Dominican Republic",1,0
1991,"Ecuador",0,0
1991,"Egypt",8,13
1991,"El Salvador",426,1017
1991,"Ethiopia",161,0
1991,"Fiji",0,0
1991,"France",6,5
1991,"Georgia",2,8
1991,"Germany",10,35
1991,"Greece",15,23
1991,"Guadeloupe",1,0
1991,"Guatemala",73,22
1991,"Haiti",137,1
1991,"Honduras",18,21
1991,"Hong Kong",0,2
1991,"Hungary",0,3
1991,"India",1113,1326
1991,"Indonesia",21,60
1991,"Iran",2,0
1991,"Iraq",1,2
1991,"Ireland",3,0
1991,"Israel",31,51
1991,"Italy",0,6
1991,"Jamaica",0,0
1991,"Japan",1,1
1991,"Jordan",1,8
1991,"Kenya",0,0
1991,"Kuwait",1,1
1991,"Lebanon",98,386
1991,"Liberia",0,0
1991,"Lithuania",0,1
1991,"Madagascar",4,0
1991,"Malaysia",0,1
1991,"Mali",43,19
1991,"Martinique",0,0
1991,"Mexico",13,0
1991,"Moldova",0,0
1991,"Morocco",3,0
1991,"Mozambique",271,169
1991,"Myanmar",90,74
1991,"Namibia",3,3
1991,"Nepal",0,0
1991,"Netherlands",0,0
1991,"New Zealand",0,0
1991,"Nicaragua",54,45
1991,"Niger",8,2
1991,"Nigeria",10,34
1991,"Norway",0,0
1991,"Pakistan",231,599
1991,"Panama",2,0
1991,"Papua New Guinea",3,0
1991,"Peru",1412,420
1991,"Philippines",432,247
1991,"Romania",1,3
1991,"Rwanda",0,0
1991,"Saudi Arabia",0,6
1991,"Senegal",5,0
1991,"Sierra Leone",128,0
1991,"Singapore",4,2
1991,"Somalia",6,0
1991,"South Africa",384,387
1991,"South Korea",0,0
1991,"Soviet Union",28,22
1991,"Spain",46,164
1991,"Sri Lanka",1034,386
1991,"Sudan",32,0
1991,"Suriname",1,0
1991,"Swaziland",0,0
1991,"Sweden",1,1
1991,"Switzerland",0,4
1991,"Taiwan",7,28
1991,"Thailand",11,27
1991,"Togo",13,0
1991,"Trinidad and Tobago",0,1
1991,"Tunisia",4,0
1991,"Turkey",308,300
1991,"Uganda",2,0
1991,"Ukraine",0,1
1991,"United Kingdom",88,235
1991,"United States",2,4
1991,"Uruguay",0,0
1991,"Venezuela",47,1
1991,"West Bank and Gaza Strip",43,50
1991,"Yemen",1,2
1991,"Yugoslavia",6,7
1991,"Zaire",3,18
1991,"Zimbabwe",0,0
1992,"Afghanistan",49,185
1992,"Albania",1,0
1992,"Algeria",236,274
1992,"Angola",97,56
1992,"Argentina",32,224
1992,"Armenia",2,1
1992,"Australia",1,4
1992,"Austria",0,1
1992,"Azerbaijan",186,50
1992,"Bangladesh",101,491
1992,"Barbados",3,3
1992,"Belgium",1,0
1992,"Belize",1,0
1992,"Benin",0,1
1992,"Bolivia",5,4
1992,"Bosnia-Herzegovina",55,22
1992,"Brazil",28,10
1992,"Brunei",0,1
1992,"Bulgaria",0,0
1992,"Burundi",61,19
1992,"Cambodia",64,148
1992,"Cameroon",6,5
1992,"Canada",0,2
1992,"Central African Republic",1,0
1992,"Chad",170,0
1992,"Chile",12,13
1992,"China",9,20
1992,"Colombia",631,449
1992,"Comoros",1,0
1992,"Costa Rica",0,0
1992,"Croatia",2,20
1992,"Cuba",3,1
1992,"Cyprus",0,0
1992,"Czechoslovakia",0,3
1992,"Denmark",1,0
1992,"Djibouti",228,21
1992,"Dominican Republic",1,10
1992,"Ecuador",2,6
1992,"Egypt",49,121
1992,"El Salvador",23,38
1992,"Equatorial Guinea",1,0
1992,"Estonia",0,1
1992,"Ethiopia",330,332
1992,"Fiji",1,0
1992,"Finland",0,0
1992,"France",9,12
1992,"Georgia",109,50
1992,"Germany",17,217
1992,"Ghana",0,1
1992,"Greece",2,34
1992,"Guatemala",28,67
1992,"Guinea",0,0
1992,"Guyana",0,1
1992,"Haiti",18,7
1992,"Honduras",5,5
1992,"Hong Kong",1,0
1992,"Hungary",0,1
1992,"India",1152,917
1992,"Indonesia",33,0
1992,"Iran",9,5
1992,"Iraq",117,88
1992,"Ireland",0,0
1992,"Israel",38,110
1992,"Italy",17,23
1992,"Ivory Coast",1,0
1992,"Jamaica",5,0
1992,"Japan",0,0
1992,"Jordan",1,0
1992,"Kazakhstan",9,1
1992,"Kenya",155,62
1992,"Kuwait",2,11
1992,"Laos",3,0
1992,"Latvia",0,1
1992,"Lebanon",79,116
1992,"Liberia",37,28
1992,"Libya",0,0
1992,"Lithuania",0,0
1992,"Madagascar",16,58
1992,"Malawi",32,0
1992,"Malaysia",0,0
1992,"Mali",5,0
1992,"Malta",1,0
1992,"Martinique",0,0
1992,"Mexico",6,2
1992,"Moldova",10,39
1992,"Morocco",2,0
1992,"Mozambique",155,61
1992,"Myanmar",139,64
1992,"Nepal",9,46
1992,"Netherlands",0,1
1992,"New Caledonia",0,0
1992,"Nicaragua",22,13
1992,"Niger",34,13
1992,"Nigeria",135,130
1992,"Norway",0,2
1992,"Pakistan",152,393
1992,"Panama",3,20
1992,"Papua New Guinea",7,10
1992,"Paraguay",0,0
1992,"Peru",818,762
1992,"Philippines",395,465
1992,"Poland",4,5
1992,"Portugal",0,1
1992,"Romania",0,0
1992,"Russia",34,38
1992,"Rwanda",141,182
1992,"Senegal",64,22
1992,"Sierra Leone",21,4
1992,"Singapore",0,0
1992,"Somalia",8,12
1992,"South Africa",706,447
1992,"South Korea",1,0
1992,"Spain",29,83
1992,"Sri Lanka",984,449
1992,"Sudan",13,0
1992,"Suriname",0,0
1992,"Swaziland",0,0
1992,"Sweden",2,5
1992,"Switzerland",6,6
1992,"Taiwan",16,30
1992,"Tajikistan",14,804
1992,"Thailand",39,90
1992,"Togo",12,23
1992,"Trinidad and Tobago",0,0
1992,"Turkey",1233,537
1992,"Uganda",2,14
1992,"Ukraine",1,1
1992,"United Arab Emirates",0,1
1992,"United Kingdom",94,453
1992,"United States",2,3
1992,"Uruguay",0,0
1992,"Uzbekistan",0,1
1992,"Venezuela",7,28
1992,"Vietnam",0,0
1992,"West Bank and Gaza Strip",93,183
1992,"Western Sahara",0,1
1992,"Yemen",24,33
1992,"Yugoslavia",3,43
1992,"Zaire",10,56
1992,"Zimbabwe",0,0
1994,"Afghanistan",22,30
1994,"Albania",1,0
1994,"Algeria",500,133
1994,"Angola",108,75
1994,"Argentina",86,266
1994,"Armenia",15,46
1994,"Australia",3,8
1994,"Austria",0,3
1994,"Azerbaijan",30,104
1994,"Bahrain",0,3
1994,"Bangladesh",30,657
1994,"Belgium",0,16
1994,"Benin",0,3
1994,"Bolivia",1,21
1994,"Bosnia-Herzegovina",3,5
1994,"Brazil",15,4
1994,"Bulgaria",1,1
1994,"Burundi",265,158
1994,"Cambodia",225,88
1994,"Cameroon",33,6
1994,"Canada",0,1
1994,"Central African Republic",2,5
1994,"Chad",1,3
1994,"Chile",0,7
1994,"China",18,96
1994,"Colombia",218,115
1994,"Comoros",0,0
1994,"Costa Rica",1,0
1994,"Croatia",3,0
1994,"Cuba",3,6
1994,"Cyprus",2,0
1994,"Czech Republic",0,0
1994,"Djibouti",6,15
1994,"Dominican Republic",2,18
1994,"Ecuador",0,2
1994,"Egypt",173,148
1994,"El Salvador",22,32
1994,"Estonia",0,0
1994,"Ethiopia",6,1
1994,"Finland",0,0
1994,"France",7,22
1994,"Gabon",0,0
1994,"Gambia",13,0
1994,"Georgia",29,45
1994,"Germany",2,85
1994,"Ghana",13,0
1994,"Greece",3,19
1994,"Guatemala",22,39
1994,"Guinea",2,20
1994,"Haiti",87,50
1994,"Honduras",10,26
1994,"Hong Kong",3,4
1994,"Hungary",0,0
1994,"India",389,405
1994,"Indonesia",1,6
1994,"Iran",74,327
1994,"Iraq",75,195
1994,"Ireland",4,2
1994,"Israel",60,198
1994,"Italy",2,8
1994,"Ivory Coast",5,0
1994,"Jamaica",2,0
1994,"Japan",8,504
1994,"Jordan",0,7
1994,"Kazakhstan",0,0
1994,"Kenya",40,1
1994,"Kuwait",0,3
1994,"Laos",2,1
1994,"Latvia",1,0
1994,"Lebanon",57,127
1994,"Lesotho",0,0
1994,"Liberia",110,0
1994,"Luxembourg",0,0
1994,"Macedonia",0,0
1994,"Mali",131,46
1994,"Mexico",88,32
1994,"Moldova",1,0
1994,"Morocco",0,0
1994,"Mozambique",0,0
1994,"Myanmar",18,16
1994,"Namibia",0,0
1994,"Nepal",4,15
1994,"Netherlands",0,1
1994,"New Zealand",0,0
1994,"Nicaragua",12,7
1994,"Niger",53,4
1994,"Nigeria",15,0
1994,"North Korea",3,4
1994,"Norway",0,0
1994,"Pakistan",354,434
1994,"Panama",21,0
1994,"Papua New Guinea",17,26
1994,"Paraguay",1,2
1994,"Peru",81,64
1994,"Philippines",126,198
1994,"Poland",0,0
1994,"Portugal",2,0
1994,"Republic of the Congo",12,4
1994,"Russia",34,33
1994,"Rwanda",1571,9
1994,"Saudi Arabia",0,0
1994,"Senegal",5,0
1994,"Sierra Leone",228,33
1994,"Singapore",1,1
1994,"Slovak Republic",0,0
1994,"Slovenia",1,1
1994,"Somalia",78,116
1994,"South Africa",447,581
1994,"South Korea",1,1
1994,"Spain",17,31
1994,"Sri Lanka",186,446
1994,"Sudan",17,23
1994,"Suriname",0,0
1994,"Sweden",0,1
1994,"Taiwan",1,3
1994,"Tajikistan",48,63
1994,"Tanzania",1,0
1994,"Thailand",17,47
1994,"Togo",47,9
1994,"Trinidad and Tobago",2,0
1994,"Tunisia",1,0
1994,"Turkey",982,452
1994,"Uganda",22,41
1994,"Ukraine",4,6
1994,"United Kingdom",66,177
1994,"United States",10,16
1994,"Uruguay",0,4
1994,"Venezuela",4,10
1994,"Vietnam",0,21
1994,"Wallis and Futuna",0,0
1994,"West Bank and Gaza Strip",129,387
1994,"Yemen",14,2
1994,"Yugoslavia",0,0
1994,"Zaire",2,11
1994,"Zimbabwe",0,25
1995,"Afghanistan",5,10
1995,"Algeria",417,1061
1995,"Angola",52,26
1995,"Argentina",0,1
1995,"Armenia",2,20
1995,"Australia",0,0
1995,"Austria",6,6
1995,"Azerbaijan",0,0
1995,"Bahrain",1,2
1995,"Bangladesh",35,892
1995,"Belgium",0,0
1995,"Benin",0,0
1995,"Bolivia",0,0
1995,"Bosnia-Herzegovina",2,3
1995,"Botswana",0,1
1995,"Brazil",13,40
1995,"Bulgaria",3,0
1995,"Burundi",583,300
1995,"Cambodia",21,98
1995,"Cameroon",5,1
1995,"Canada",1,1
1995,"Chad",0,0
1995,"Chile",1,5
1995,"China",6,198
1995,"Colombia",521,326
1995,"Croatia",1,2
1995,"Cyprus",0,1
1995,"Czech Republic",1,0
1995,"Denmark",0,0
1995,"Djibouti",0,4
1995,"Ecuador",4,2
1995,"Egypt",134,135
1995,"El Salvador",3,16
1995,"Eritrea",0,19
1995,"Estonia",0,0
1995,"Ethiopia",5,4
1995,"Finland",0,1
1995,"France",19,177
1995,"French Polynesia",0,13
1995,"Gambia",0,0
1995,"Georgia",14,23
1995,"Germany",10,26
1995,"Ghana",2,6
1995,"Greece",0,0
1995,"Guatemala",40,10
1995,"Haiti",16,40
1995,"Honduras",8,2
1995,"Hong Kong",0,0
1995,"India",361,616
1995,"Indonesia",41,51
1995,"Iran",0,11
1995,"Iraq",156,256
1995,"Ireland",1,1
1995,"Israel",18,147
1995,"Italy",0,1
1995,"Ivory Coast",40,5
1995,"Jamaica",1,1
1995,"Japan",15,6225
1995,"Jordan",1,2
1995,"Kenya",2,2
1995,"Latvia",0,0
1995,"Lebanon",35,72
1995,"Libya",0,0
1995,"Lithuania",0,0
1995,"Macau",0,0
1995,"Macedonia",1,6
1995,"Madagascar",4,0
1995,"Mali",2,6
1995,"Malta",1,1
1995,"Mexico",61,27
1995,"Morocco",0,1
1995,"Mozambique",15,1
1995,"Myanmar",30,29
1995,"Netherlands",1,2
1995,"Nicaragua",6,26
1995,"Niger",22,0
1995,"Nigeria",1,0
1995,"Pakistan",712,615
1995,"Panama",3,0
1995,"Papua New Guinea",6,4
1995,"Paraguay",0,16
1995,"Peru",103,48
1995,"Philippines",201,102
1995,"Poland",0,1
1995,"Portugal",0,15
1995,"Romania",0,5
1995,"Russia",145,34
1995,"Rwanda",201,86
1995,"Saudi Arabia",14,161
1995,"Senegal",18,23
1995,"Sierra Leone",40,23
1995,"Slovak Republic",3,1
1995,"Somalia",29,162
1995,"South Africa",105,88
1995,"South Korea",0,1
1995,"Spain",18,86
1995,"Sri Lanka",1020,599
1995,"St. Kitts and Nevis",0,9
1995,"Sudan",6,0
1995,"Swaziland",0,0
1995,"Sweden",0,0
1995,"Switzerland",1,0
1995,"Taiwan",0,2
1995,"Tajikistan",78,23
1995,"Tanzania",0,0
1995,"Thailand",19,25
1995,"Togo",0,0
1995,"Trinidad and Tobago",4,0
1995,"Tunisia",7,0
1995,"Turkey",189,216
1995,"Uganda",145,20
1995,"Ukraine",0,2
1995,"United Arab Emirates",0,0
1995,"United Kingdom",11,5
1995,"United States",170,734
1995,"Uruguay",0,0
1995,"Uzbekistan",0,0
1995,"Venezuela",8,34
1995,"Vietnam",0,5
1995,"West Bank and Gaza Strip",43,129
1995,"Yemen",4,12
1995,"Yugoslavia",2,7
1995,"Zaire",43,33
1995,"Zambia",0,0
1995,"Zimbabwe",0,1
1996,"Afghanistan",31,30
1996,"Albania",7,37
1996,"Algeria",529,1118
1996,"Angola",18,6
1996,"Argentina",1,12
1996,"Armenia",2,0
1996,"Australia",2,1
1996,"Austria",0,1
1996,"Azerbaijan",2,0
1996,"Bahrain",8,15
1996,"Bangladesh",89,1463
1996,"Benin",0,0
1996,"Bolivia",0,0
1996,"Bosnia-Herzegovina",2,12
1996,"Brazil",22,9
1996,"Bulgaria",9,3
1996,"Burundi",1371,286
1996,"Cambodia",44,78
1996,"Canada",0,1
1996,"Central African Republic",2,0
1996,"Chad",1,0
1996,"Chile",2,4
1996,"China",23,106
1996,"Colombia",611,476
1996,"Costa Rica",1,4
1996,"Croatia",0,1
1996,"Cuba",0,0
1996,"Cyprus",3,3
1996,"Czech Republic",2,3
1996,"Dominican Republic",3,11
1996,"Ecuador",2,2
1996,"Egypt",97,63
1996,"El Salvador",26,59
1996,"Eritrea",6,0
1996,"Estonia",1,10
1996,"Ethiopia",133,27
1996,"France",18,114
1996,"French Guiana",0,1
1996,"Gabon",0,1
1996,"Georgia",2,10
1996,"Germany",1,5
1996,"Ghana",3,0
1996,"Greece",0,3
1996,"Guatemala",14,9
1996,"Guinea",2,0
1996,"Haiti",14,7
1996,"Honduras",11,29
1996,"Hong Kong",0,5
1996,"Hungary",0,8
1996,"India",569,937
1996,"Indonesia",30,188
1996,"Iran",3,2
1996,"Iraq",11,14
1996,"Ireland",1,0
1996,"Israel",73,226
1996,"Italy",0,1
1996,"Ivory Coast",5,7
1996,"Jamaica",1,0
1996,"Japan",0,2
1996,"Jordan",0,1
1996,"Kenya",2,0
1996,"Kyrgyzstan",0,0
1996,"Laos",5,1
1996,"Lebanon",57,70
1996,"Liberia",10,0
1996,"Libya",12,0
1996,"Lithuania",0,1
1996,"Macau",0,17
1996,"Madagascar",1,1
1996,"Mauritania",0,0
1996,"Mexico",96,211
1996,"Moldova",0,0
1996,"Morocco",0,13
1996,"Myanmar",86,84
1996,"Nepal",6,7
1996,"Netherlands",0,0
1996,"New Zealand",0,2
1996,"Nicaragua",18,15
1996,"Niger",2,8
1996,"Nigeria",24,15
1996,"Norway",0,1
1996,"Pakistan",423,755
1996,"Panama",0,0
1996,"Papua New Guinea",21,11
1996,"Peru",74,74
1996,"Philippines",95,143
1996,"Poland",0,8
1996,"Qatar",0,0
1996,"Republic of the Congo",0,0
1996,"Russia",135,124
1996,"Rwanda",129,3
1996,"Saudi Arabia",19,386
1996,"Sierra Leone",60,11
1996,"Slovak Republic",1,0
1996,"Slovenia",0,1
1996,"Somalia",28,8
1996,"South Africa",82,106
1996,"South Korea",0,30
1996,"Spain",5,63
1996,"Sri Lanka",827,2216
1996,"Sudan",40,10
1996,"Sweden",0,0
1996,"Switzerland",1,3
1996,"Syria",15,50
1996,"Taiwan",9,1
1996,"Tajikistan",50,34
1996,"Thailand",10,16
1996,"Togo",3,0
1996,"Trinidad and Tobago",0,3
1996,"Turkey",117,92
1996,"Uganda",413,110
1996,"Ukraine",0,3
1996,"United Kingdom",14,395
1996,"United States",2,119
1996,"Uruguay",0,0
1996,"Vanuatu",0,0
1996,"Venezuela",13,4
1996,"Vietnam",0,1
1996,"West Bank and Gaza Strip",17,31
1996,"Yemen",3,4
1996,"Yugoslavia",9,9
1996,"Zaire",223,92
1996,"Zambia",0,8
1997,"Afghanistan",4,37
1997,"Albania",26,77
1997,"Algeria",4266,1861
1997,"Angola",34,32
1997,"Argentina",3,2
1997,"Australia",0,23
1997,"Austria",0,0
1997,"Azerbaijan",1,0
1997,"Bahamas",1,0
1997,"Bahrain",5,2
1997,"Bangladesh",14,349
1997,"Belarus",1,0
1997,"Belgium",4,0
1997,"Bolivia",4,7
1997,"Bosnia-Herzegovina",5,68
1997,"Brazil",28,15
1997,"Bulgaria",0,0
1997,"Burundi",386,507
1997,"Cambodia",100,284
1997,"Canada",0,1
1997,"Chad",2,2
1997,"Chile",0,10
1997,"China",37,104
1997,"Colombia",1230,637
1997,"Comoros",0,2
1997,"Costa Rica",2,1
1997,"Croatia",2,2
1997,"Cuba",1,3
1997,"Czech Republic",1,0
1997,"Democratic Republic of the Congo",8,0
1997,"Djibouti",11,16
1997,"Dominica",0,0
1997,"Dominican Republic",3,30
1997,"Ecuador",1,0
1997,"Egypt",165,47
1997,"El Salvador",1,9
1997,"Ethiopia",8,135
1997,"France",0,4
1997,"French Guiana",0,12
1997,"Gabon",4,0
1997,"Georgia",35,3
1997,"Germany",0,27
1997,"Ghana",1,3
1997,"Greece",1,3
1997,"Guatemala",22,22
1997,"Guyana",0,0
1997,"Haiti",9,11
1997,"Honduras",14,18
1997,"Hungary",3,2
1997,"India",853,1416
1997,"Indonesia",102,99
1997,"Iran",4,102
1997,"Iraq",106,23
1997,"Ireland",0,0
1997,"Israel",31,448
1997,"Italy",0,0
1997,"Ivory Coast",0,0
1997,"Jamaica",10,32
1997,"Japan",0,0
1997,"Jordan",0,4
1997,"Kazakhstan",2,0
1997,"Kenya",36,21
1997,"Kuwait",0,2
1997,"Latvia",0,0
1997,"Lebanon",36,50
1997,"Lithuania",1,0
1997,"Macau",1,14
1997,"Macedonia",0,0
1997,"Madagascar",0,1
1997,"Mali",0,3
1997,"Malta",0,0
1997,"Mexico",229,47
1997,"Moldova",0,0
1997,"Myanmar",16,10
1997,"Nepal",15,8
1997,"Netherlands",0,0
1997,"New Zealand",0,0
1997,"Nicaragua",7,5
1997,"Niger",32,5
1997,"Nigeria",107,51
1997,"Pakistan",443,525
1997,"Panama",3,4
1997,"Papua New Guinea",0,0
1997,"Paraguay",1,12
1997,"Peru",47,57
1997,"Philippines",98,273
1997,"Poland",2,5
1997,"Republic of the Congo",2,2
1997,"Russia",61,108
1997,"Rwanda",1027,274
1997,"Senegal",92,48
1997,"Sierra Leone",16,1
1997,"Slovak Republic",2,1
1997,"Slovenia",0,0
1997,"Somalia",145,138
1997,"South Africa",23,4
1997,"Spain",11,25
1997,"Sri Lanka",486,544
1997,"Sudan",1,21
1997,"Suriname",0,2
1997,"Swaziland",0,0
1997,"Sweden",1,1
1997,"Switzerland",0,0
1997,"Syria",2,0
1997,"Taiwan",0,0
1997,"Tajikistan",43,44
1997,"Tanzania",1,0
1997,"Thailand",18,24
1997,"Turkey",60,108
1997,"Uganda",239,121
1997,"Ukraine",2,0
1997,"United Kingdom",23,35
1997,"United States",2,18
1997,"Uruguay",0,1
1997,"Venezuela",3,1
1997,"Vietnam",1,0
1997,"West Bank and Gaza Strip",9,29
1997,"Yemen",11,8
1997,"Yugoslavia",9,28
1997,"Zaire",13,3
1998,"Afghanistan",8,30
1998,"Albania",0,5
1998,"Algeria",952,949
1998,"Angola",275,47
1998,"Armenia",0,1
1998,"Australia",0,2
1998,"Austria",0,0
1998,"Bangladesh",0,1
1998,"Belgium",0,0
1998,"Bosnia-Herzegovina",2,3
1998,"Brazil",0,0
1998,"Bulgaria",0,1
1998,"Burundi",392,129
1998,"Cambodia",35,5
1998,"Canada",1,0
1998,"Chad",0,0
1998,"Chile",0,0
1998,"China",50,150
1998,"Colombia",592,176
1998,"Cyprus",0,0
1998,"Democratic Republic of the Congo",67,0
1998,"Ecuador",0,1
1998,"Egypt",9,15
1998,"France",1,0
1998,"Georgia",32,47
1998,"Germany",0,0
1998,"Greece",0,2
1998,"Guyana",0,1
1998,"Haiti",0,0
1998,"Hungary",0,0
1998,"India",398,411
1998,"Indonesia",9,5
1998,"Iran",6,6
1998,"Iraq",19,16
1998,"Ireland",1,2
1998,"Israel",19,120
1998,"Italy",0,14
1998,"Japan",0,1
1998,"Jordan",0,0
1998,"Kenya",226,4000
1998,"Latvia",0,0
1998,"Lebanon",17,48
1998,"Macau",0,15
1998,"Macedonia",0,0
1998,"Mexico",3,5
1998,"Nigeria",9,0
1998,"Pakistan",151,349
1998,"Peru",7,12
1998,"Philippines",6,85
1998,"Poland",0,0
1998,"Russia",49,118
1998,"Rwanda",100,51
1998,"Senegal",4,4
1998,"Sierra Leone",258,19
1998,"Slovak Republic",1,3
1998,"Somalia",0,0
1998,"South Africa",13,31
1998,"Spain",6,6
1998,"Sri Lanka",680,659
1998,"Swaziland",1,2
1998,"Switzerland",0,0
1998,"Tajikistan",29,3
1998,"Tanzania",11,85
1998,"Thailand",4,42
1998,"Turkey",37,108
1998,"Uganda",81,72
1998,"United Kingdom",46,259
1998,"United States",4,3
1998,"Venezuela",0,1
1998,"West Bank and Gaza Strip",12,26
1998,"Yemen",8,3
1998,"Yugoslavia",57,34
1999,"Afghanistan",39,41
1999,"Albania",6,5
1999,"Algeria",467,325
1999,"Angola",299,299
1999,"Argentina",0,0
1999,"Armenia",8,0
1999,"Bangladesh",30,185
1999,"Belarus",0,0
1999,"Belgium",0,0
1999,"Bosnia-Herzegovina",1,4
1999,"Brazil",1,0
1999,"Bulgaria",0,0
1999,"Burundi",108,63
1999,"Cambodia",1,18
1999,"Canada",0,2
1999,"Chad",77,0
1999,"Chile",0,0
1999,"China",5,50
1999,"Colombia",262,246
1999,"Cyprus",0,0
1999,"Democratic Republic of the Congo",7,0
1999,"Denmark",0,0
1999,"Ecuador",0,0
1999,"Egypt",1,1
1999,"Estonia",0,0
1999,"Ethiopia",2,2
1999,"Fiji",0,0
1999,"France",0,2
1999,"Georgia",5,26
1999,"Germany",3,47
1999,"Greece",1,4
1999,"Guatemala",3,0
1999,"Haiti",3,3
1999,"India",464,591
1999,"Indonesia",67,79
1999,"Iran",4,16
1999,"Iraq",32,105
1999,"Ireland",0,1
1999,"Israel",6,53
1999,"Italy",1,0
1999,"Japan",0,0
1999,"Jordan",0,1
1999,"Kosovo",23,146
1999,"Kyrgyzstan",1,7
1999,"Latvia",0,0
1999,"Lebanon",23,48
1999,"Liberia",0,0
1999,"Macedonia",0,0
1999,"Mexico",0,2
1999,"Mozambique",0,1
1999,"Myanmar",10,18
1999,"Namibia",13,25
1999,"Nepal",23,14
1999,"Netherlands",0,0
1999,"Nicaragua",0,0
1999,"Niger",4,0
1999,"Nigeria",134,209
1999,"Pakistan",127,246
1999,"Panama",0,0
1999,"Paraguay",2,1
1999,"Peru",28,3
1999,"Philippines",45,190
1999,"Republic of the Congo",107,0
1999,"Russia",395,678
1999,"Senegal",1,12
1999,"Sierra Leone",28,0
1999,"Slovak Republic",0,1
1999,"Solomon Islands",2,0
1999,"Somalia",9,6
1999,"South Africa",4,74
1999,"Spain",0,2
1999,"Sri Lanka",212,579
1999,"Sudan",16,6
1999,"Swaziland",0,0
1999,"Sweden",0,4
1999,"Switzerland",0,0
1999,"Tajikistan",2,6
1999,"Thailand",0,0
1999,"Turkey",127,271
1999,"Uganda",75,91
1999,"Ukraine",1,37
1999,"United Kingdom",7,161
1999,"United States",20,40
1999,"Uzbekistan",19,128
1999,"Venezuela",0,0
1999,"West Bank and Gaza Strip",1,12
1999,"Yemen",11,45
1999,"Yugoslavia",14,108
1999,"Zambia",1,1
2000,"Afghanistan",38,11
2000,"Albania",0,0
2000,"Algeria",528,275
2000,"Angola",178,43
2000,"Armenia",0,0
2000,"Australia",0,0
2000,"Azerbaijan",0,3
2000,"Bangladesh",10,34
2000,"Belize",0,0
2000,"Bosnia-Herzegovina",1,3
2000,"Brazil",0,0
2000,"Bulgaria",4,0
2000,"Burundi",97,23
2000,"Cambodia",12,23
2000,"Canada",0,30
2000,"Central African Republic",1,0
2000,"Chile",0,0
2000,"China",1,2
2000,"Colombia",426,181
2000,"Croatia",3,8
2000,"Cyprus",0,0
2000,"Democratic Republic of the Congo",40,9
2000,"East Timor",1,1
2000,"Ecuador",0,1
2000,"Ethiopia",3,0
2000,"Fiji",7,17
2000,"France",4,1
2000,"Gambia",0,2
2000,"Georgia",3,5
2000,"Germany",1,29
2000,"Greece",1,0
2000,"Guatemala",2,0
2000,"Guinea",206,32
2000,"Haiti",5,15
2000,"Hong Kong",0,17
2000,"India",671,761
2000,"Indonesia",146,336
2000,"Iran",5,29
2000,"Iraq",10,29
2000,"Israel",11,119
2000,"Italy",0,3
2000,"Ivory Coast",4,6
2000,"Japan",0,0
2000,"Jordan",0,2
2000,"Kazakhstan",2,0
2000,"Kenya",26,5
2000,"Kosovo",23,84
2000,"Kyrgyzstan",2,4
2000,"Laos",1,47
2000,"Latvia",1,34
2000,"Lebanon",12,12
2000,"Liberia",0,8
2000,"Macedonia",3,0
2000,"Malaysia",2,0
2000,"Mexico",5,3
2000,"Moldova",0,0
2000,"Mozambique",1,2
2000,"Namibia",24,85
2000,"Nepal",91,160
2000,"Netherlands",0,0
2000,"Nicaragua",2,1
2000,"Nigeria",0,2
2000,"Pakistan",118,448
2000,"Panama",0,0
2000,"Paraguay",0,3
2000,"Peru",4,6
2000,"Philippines",290,643
2000,"Qatar",0,0
2000,"Russia",362,568
2000,"Rwanda",4,0
2000,"Saudi Arabia",1,5
2000,"Senegal",4,12
2000,"Sierra Leone",60,31
2000,"Slovak Republic",0,4
2000,"Slovenia",0,0
2000,"Solomon Islands",0,0
2000,"Somalia",36,39
2000,"South Africa",18,45
2000,"Spain",29,93
2000,"Sri Lanka",449,950
2000,"St. Lucia",2,12
2000,"Sudan",27,180
2000,"Sweden",0,1
2000,"Switzerland",0,0
2000,"Tajikistan",11,77
2000,"Tanzania",0,0
2000,"Thailand",7,4
2000,"Tunisia",5,0
2000,"Turkey",12,27
2000,"Uganda",297,90
2000,"Ukraine",0,0
2000,"United Kingdom",7,28
2000,"United States",0,7
2000,"West Bank and Gaza Strip",21,48
2000,"Yemen",19,40
2000,"Yugoslavia",5,9
2000,"Zambia",0,2
2000,"Zimbabwe",0,0
2001,"Afghanistan",174,59
2001,"Albania",0,0
2001,"Algeria",624,253
2001,"Angola",846,474
2001,"Argentina",0,1
2001,"Armenia",1,0
2001,"Australia",0,0
2001,"Azerbaijan",1,6
2001,"Bangladesh",57,258
2001,"Belarus",0,0
2001,"Bosnia-Herzegovina",0,0
2001,"Brazil",1,0
2001,"Bulgaria",0,0
2001,"Burundi",166,49
2001,"Cambodia",4,13
2001,"Central African Republic",7,0
2001,"Chile",0,0
2001,"China",25,65
2001,"Colombia",576,435
2001,"Costa Rica",1,0
2001,"Croatia",0,0
2001,"Cyprus",0,0
2001,"Czech Republic",0,0
2001,"Democratic Republic of the Congo",15,5
2001,"Ecuador",0,0
2001,"Estonia",1,0
2001,"Fiji",0,0
2001,"France",0,16
2001,"Georgia",6,9
2001,"Germany",3,6
2001,"Greece",0,3
2001,"Guatemala",1,1
2001,"Guinea-Bissau",0,0
2001,"Guyana",0,0
2001,"Haiti",0,2
2001,"Hong Kong",0,0
2001,"Hungary",1,1
2001,"India",660,1144
2001,"Indonesia",134,176
2001,"Iran",0,0
2001,"Iraq",9,30
2001,"Ireland",0,2
2001,"Israel",140,905
2001,"Italy",0,4
2001,"Ivory Coast",12,0
2001,"Japan",0,0
2001,"Jordan",1,0
2001,"Kazakhstan",0,1
2001,"Kenya",13,8
2001,"Kosovo",20,59
2001,"Kuwait",2,1
2001,"Laos",0,9
2001,"Lebanon",0,3
2001,"Liberia",1,0
2001,"Macedonia",35,29
2001,"Malaysia",0,2
2001,"Mexico",13,5
2001,"Montenegro",1,0
2001,"Myanmar",8,5
2001,"Namibia",1,9
2001,"Nepal",172,59
2001,"Netherlands",0,3
2001,"New Zealand",0,0
2001,"Nigeria",3,3
2001,"Norway",1,0
2001,"Pakistan",109,265
2001,"Peru",16,9
2001,"Philippines",154,274
2001,"Poland",0,4
2001,"Qatar",1,0
2001,"Republic of the Congo",0,0
2001,"Russia",228,454
2001,"Rwanda",2,1
2001,"Saudi Arabia",2,7
2001,"Senegal",28,19
2001,"Somalia",3,0
2001,"South Korea",0,2
2001,"Spain",14,174
2001,"Sri Lanka",195,503
2001,"Sudan",13,3
2001,"Switzerland",14,18
2001,"Taiwan",2,18
2001,"Tajikistan",8,11
2001,"Tanzania",2,0
2001,"Thailand",11,59
2001,"Tunisia",3,0
2001,"Turkey",17,40
2001,"Uganda",56,83
2001,"United Kingdom",8,33
2001,"United States",3005,14864
2001,"Venezuela",0,1
2001,"Vietnam",0,0
2001,"West Bank and Gaza Strip",105,182
2001,"Yemen",2,3
2001,"Yugoslavia",8,11
2001,"Zimbabwe",1,0
2002,"Afghanistan",74,297
2002,"Algeria",615,320
2002,"Angola",59,17
2002,"Azerbaijan",0,1
2002,"Bangladesh",21,440
2002,"Belgium",0,0
2002,"Bosnia-Herzegovina",0,0
2002,"Brazil",0,0
2002,"Bulgaria",1,0
2002,"Burundi",67,56
2002,"Cambodia",4,1
2002,"Chad",21,1
2002,"Chile",0,1
2002,"China",1,18
2002,"Colombia",356,648
2002,"Democratic Republic of the Congo",16,32
2002,"Ecuador",0,3
2002,"Ethiopia",1,37
2002,"France",0,4
2002,"Georgia",1,15
2002,"Germany",0,2
2002,"Greece",0,2
2002,"Guyana",4,6
2002,"Haiti",0,1
2002,"Honduras",0,0
2002,"India",593,1175
2002,"Indonesia",246,535
2002,"International",1,12
2002,"Iraq",10,4
2002,"Israel",327,1451
2002,"Italy",1,0
2002,"Ivory Coast",3,0
2002,"Japan",0,0
2002,"Jordan",3,0
2002,"Kenya",16,0
2002,"Kosovo",1,32
2002,"Kuwait",4,0
2002,"Kyrgyzstan",2,1
2002,"Lebanon",2,4
2002,"Liberia",3,0
2002,"Macedonia",3,4
2002,"Madagascar",0,0
2002,"Malawi",1,0
2002,"Myanmar",5,33
2002,"Nepal",486,161
2002,"Netherlands",1,0
2002,"Nigeria",28,11
2002,"Pakistan",105,331
2002,"Peru",9,32
2002,"Philippines",125,342
2002,"Republic of the Congo",17,42
2002,"Russia",512,426
2002,"Saudi Arabia",1,0
2002,"Senegal",8,19
2002,"Solomon Islands",1,0
2002,"Somalia",6,6
2002,"South Africa",1,1
2002,"Spain",5,73
2002,"Sri Lanka",3,0
2002,"Sudan",589,23
2002,"Tanzania",24,0
2002,"Thailand",16,45
2002,"Tunisia",31,50
2002,"Turkey",0,0
2002,"Turkmenistan",0,1
2002,"Uganda",173,44
2002,"Ukraine",1,2
2002,"United Kingdom",2,13
2002,"United States",4,11
2002,"Venezuela",0,0
2002,"West Bank and Gaza Strip",177,262
2002,"Yemen",4,6
2002,"Yugoslavia",0,0
2002,"Zambia",0,0
2002,"Zimbabwe",8,49
2003,"Afghanistan",163,186
2003,"Albania",0,0
2003,"Algeria",269,112
2003,"Argentina",0,0
2003,"Bahrain",0,0
2003,"Bangladesh",3,13
2003,"Belgium",0,20
2003,"Bolivia",0,0
2003,"Bosnia-Herzegovina",0,0
2003,"Brazil",0,0
2003,"Burundi",116,24
2003,"Cambodia",1,0
2003,"Chile",0,0
2003,"China",1,16
2003,"Colombia",184,557
2003,"Czech Republic",0,0
2003,"Democratic Republic of the Congo",154,1
2003,"East Timor",5,5
2003,"Ecuador",0,4
2003,"Ethiopia",2,9
2003,"France",0,21
2003,"Georgia",0,1
2003,"Germany",0,0
2003,"Greece",0,2
2003,"Guatemala",1,5
2003,"Guinea-Bissau",1,0
2003,"Guyana",0,0
2003,"Haiti",4,1
2003,"India",472,1183
2003,"Indonesia",26,166
2003,"Iran",0,0
2003,"Iraq",354,1251
2003,"Ireland",0,0
2003,"Israel",154,467
2003,"Italy",0,51
2003,"Japan",0,0
2003,"Kenya",3,0
2003,"Kosovo",7,4
2003,"Kuwait",1,18
2003,"Kyrgyzstan",1,0
2003,"Laos",10,0
2003,"Lebanon",3,1
2003,"Liberia",2,0
2003,"Macedonia",0,1
2003,"Mexico",2,1
2003,"Morocco",45,100
2003,"Myanmar",18,51
2003,"Nepal",22,34
2003,"Netherlands",0,0
2003,"New Zealand",0,0
2003,"Nigeria",28,44
2003,"Norway",0,0
2003,"Pakistan",119,181
2003,"Peru",7,10
2003,"Philippines",288,531
2003,"Republic of the Congo",11,0
2003,"Russia",328,812
2003,"Saudi Arabia",55,128
2003,"Serbia-Montenegro",2,4
2003,"Solomon Islands",1,0
2003,"Somalia",7,0
2003,"South Korea",0,60
2003,"Spain",3,25
2003,"Sri Lanka",23,7
2003,"Swaziland",0,0
2003,"Switzerland",0,0
2003,"Thailand",6,6
2003,"Turkey",67,778
2003,"Uganda",231,72
2003,"Ukraine",0,1
2003,"United Kingdom",2,11
2003,"United States",0,0
2003,"Venezuela",0,4
2003,"West Bank and Gaza Strip",60,95
2003,"Yemen",16,9
2003,"Zimbabwe",0,8
2004,"Afghanistan",275,263
2004,"Algeria",166,187
2004,"Bangladesh",33,234
2004,"Burundi",18,0
2004,"Canada",0,0
2004,"China",4,5
2004,"Colombia",83,213
2004,"Cyprus",0,0
2004,"Democratic Republic of the Congo",22,11
2004,"Djibouti",0,7
2004,"Ecuador",0,0
2004,"Egypt",38,171
2004,"Ethiopia",1,16
2004,"France",0,10
2004,"Georgia",0,1
2004,"Germany",1,25
2004,"Greece",0,3
2004,"Guatemala",3,0
2004,"Haiti",7,30
2004,"Honduras",28,14
2004,"India",334,949
2004,"Indonesia",42,238
2004,"Iraq",2151,4152
2004,"Israel",59,248
2004,"Italy",1,0
2004,"Ivory Coast",12,0
2004,"Kosovo",0,5
2004,"Lebanon",1,2
2004,"Mauritania",0,0
2004,"Mexico",0,3
2004,"Myanmar",1,3
2004,"Nepal",630,397
2004,"Netherlands",1,2
2004,"Nigeria",41,6
2004,"Pakistan",304,671
2004,"Peru",6,5
2004,"Philippines",206,160
2004,"Russia",607,1176
2004,"Saudi Arabia",64,293
2004,"Serbia-Montenegro",1,0
2004,"Somalia",6,1
2004,"Spain",193,1811
2004,"Sri Lanka",30,46
2004,"Sudan",28,13
2004,"Syria",4,2
2004,"Taiwan",0,2
2004,"Tanzania",0,0
2004,"Thailand",32,150
2004,"Turkey",25,92
2004,"Uganda",193,107
2004,"United Kingdom",0,2
2004,"United States",0,0
2004,"Uzbekistan",36,31
2004,"West Bank and Gaza Strip",31,60
2005,"Afghanistan",367,411
2005,"Algeria",228,228
2005,"Argentina",0,0
2005,"Bangladesh",43,401
2005,"Bolivia",0,0
2005,"Bosnia-Herzegovina",0,1
2005,"Burundi",13,17
2005,"China",12,2
2005,"Colombia",145,106
2005,"Croatia",0,1
2005,"Democratic Republic of the Congo",22,25
2005,"East Timor",0,0
2005,"Egypt",92,117
2005,"Ethiopia",9,37
2005,"France",0,11
2005,"Georgia",8,32
2005,"Germany",2,0
2005,"Greece",0,5
2005,"Guinea",0,0
2005,"Guinea-Bissau",3,15
2005,"Haiti",1,0
2005,"Hong Kong",0,1
2005,"India",463,1216
2005,"Indonesia",66,171
2005,"Iran",13,191
2005,"Iraq",3380,6067
2005,"Israel",45,251
2005,"Italy",1,7
2005,"Ivory Coast",41,64
2005,"Jordan",62,101
2005,"Kenya",56,0
2005,"Kosovo",1,0
2005,"Kuwait",2,0
2005,"Kyrgyzstan",0,0
2005,"Lebanon",22,58
2005,"Mauritania",23,20
2005,"Mexico",2,0
2005,"Myanmar",21,178
2005,"Nepal",211,249
2005,"Nigeria",19,36
2005,"Pakistan",152,284
2005,"Peru",7,2
2005,"Philippines",49,149
2005,"Qatar",2,12
2005,"Russia",156,350
2005,"Rwanda",30,0
2005,"Saudi Arabia",1,0
2005,"Senegal",0,0
2005,"Serbia-Montenegro",0,0
2005,"Somalia",20,56
2005,"Spain",0,82
2005,"Sri Lanka",125,319
2005,"Sudan",54,26
2005,"Sweden",0,0
2005,"Tajikistan",0,0
2005,"Thailand",130,348
2005,"Togo",0,0
2005,"Trinidad and Tobago",0,14
2005,"Turkey",35,140
2005,"Uganda",80,43
2005,"United Kingdom",57,836
2005,"United States",0,0
2005,"Uruguay",0,0
2005,"Uzbekistan",10,34
2005,"West Bank and Gaza Strip",20,48
2005,"Yemen",12,7
2006,"Afghanistan",731,922
2006,"Algeria",185,266
2006,"Australia",0,0
2006,"Austria",0,0
2006,"Bahrain",0,0
2006,"Bangladesh",19,57
2006,"Belarus",0,1
2006,"Bhutan",4,0
2006,"Bosnia-Herzegovina",0,0
2006,"Brazil",1,11
2006,"Burundi",21,54
2006,"Canada",0,0
2006,"Central African Republic",4,1
2006,"Chad",103,3
2006,"Chile",0,1
2006,"Colombia",79,94
2006,"Democratic Republic of the Congo",23,1
2006,"Egypt",19,100
2006,"Ethiopia",12,56
2006,"France",1,3
2006,"Georgia",5,4
2006,"Germany",2,0
2006,"Greece",0,2
2006,"Guatemala",5,0
2006,"Guinea-Bissau",11,12
2006,"Guyana",6,0
2006,"Haiti",2,1
2006,"India",722,2138
2006,"Indonesia",6,6
2006,"Iran",48,41
2006,"Iraq",4612,8273
2006,"Ireland",1,0
2006,"Israel",51,153
2006,"Italy",0,2
2006,"Ivory Coast",20,12
2006,"Jordan",1,6
2006,"Kenya",18,6
2006,"Kosovo",0,4
2006,"Kyrgyzstan",1,2
2006,"Lebanon",12,8
2006,"Lesotho",0,1
2006,"Macedonia",0,0
2006,"Madagascar",0,0
2006,"Maldives",0,1
2006,"Mexico",7,34
2006,"Moldova",2,10
2006,"Myanmar",0,0
2006,"Nepal",133,93
2006,"Nigeria",254,21
2006,"Norway",0,0
2006,"Pakistan",314,669
2006,"Peru",7,0
2006,"Philippines",60,163
2006,"Russia",57,59
2006,"Saudi Arabia",4,8
2006,"Serbia-Montenegro",0,1
2006,"Somalia",22,35
2006,"South Korea",0,1
2006,"Spain",2,24
2006,"Sri Lanka",1012,1262
2006,"Sudan",484,153
2006,"Swaziland",0,0
2006,"Sweden",0,0
2006,"Syria",5,0
2006,"Thailand",194,413
2006,"Turkey",45,316
2006,"United Kingdom",0,0
2006,"United States",1,14
2006,"West Bank and Gaza Strip",20,19
2006,"Yemen",14,9
2006,"Zimbabwe",0,5
2007,"Afghanistan",1197,1148
2007,"Algeria",279,630
2007,"Armenia",0,0
2007,"Austria",0,0
2007,"Azerbaijan",0,0
2007,"Bangladesh",1,10
2007,"Belgium",0,0
2007,"Benin",0,4
2007,"Bolivia",0,0
2007,"Bosnia-Herzegovina",1,2
2007,"Burundi",3,2
2007,"Cameroon",31,0
2007,"Central African Republic",1,0
2007,"Chad",136,138
2007,"Chile",0,0
2007,"Colombia",64,103
2007,"Cuba",1,0
2007,"Cyprus",0,0
2007,"Democratic Republic of the Congo",72,53
2007,"East Timor",1,0
2007,"Eritrea",0,0
2007,"Ethiopia",204,52
2007,"Finland",9,13
2007,"France",3,8
2007,"Germany",1,1
2007,"Greece",0,3
2007,"Haiti",1,1
2007,"India",626,1187
2007,"Indonesia",0,1
2007,"Iran",24,5
2007,"Iraq",6665,13283
2007,"Ireland",0,0
2007,"Israel",17,27
2007,"Ivory Coast",0,2
2007,"Jamaica",0,1
2007,"Kenya",33,48
2007,"Kosovo",1,0
2007,"Kyrgyzstan",0,1
2007,"Latvia",0,1
2007,"Lebanon",40,148
2007,"Libya",0,0
2007,"Macedonia",0,1
2007,"Maldives",0,12
2007,"Mali",20,0
2007,"Mexico",25,6
2007,"Montenegro",0,0
2007,"Morocco",13,26
2007,"Mozambique",6,3
2007,"Myanmar",10,5
2007,"Nepal",44,59
2007,"Niger",66,52
2007,"Nigeria",82,40
2007,"Pakistan",1406,2343
2007,"Papua New Guinea",0,0
2007,"Peru",18,52
2007,"Philippines",115,404
2007,"Russia",55,140
2007,"Saudi Arabia",3,1
2007,"Senegal",1,13
2007,"Somalia",408,554
2007,"South Africa",1,1
2007,"Spain",0,5
2007,"Sri Lanka",410,561
2007,"Sudan",317,111
2007,"Switzerland",0,1
2007,"Tajikistan",1,0
2007,"Thailand",264,647
2007,"Tunisia",14,0
2007,"Turkey",25,122
2007,"Uganda",2,1
2007,"Ukraine",0,0
2007,"United Kingdom",4,13
2007,"United States",0,0
2007,"Venezuela",1,8
2007,"West Bank and Gaza Strip",112,351
2007,"Western Sahara",0,3
2007,"Yemen",24,46
2007,"Zimbabwe",0,0
2008,"Afghanistan",1089,1330
2008,"Algeria",249,328
2008,"Australia",0,0
2008,"Austria",0,0
2008,"Azerbaijan",5,13
2008,"Bahrain",1,2
2008,"Bangladesh",9,48
2008,"Belarus",0,50
2008,"Bhutan",5,3
2008,"Bosnia-Herzegovina",2,10
2008,"Bulgaria",0,0
2008,"Burundi",28,46
2008,"Cambodia",1,2
2008,"Cameroon",3,0
2008,"Canada",0,9
2008,"Central African Republic",1,0
2008,"Chad",172,1011
2008,"Chile",0,0
2008,"China",23,133
2008,"Colombia",85,238
2008,"Croatia",0,0
2008,"Czech Republic",0,20
2008,"Democratic Republic of the Congo",319,26
2008,"Denmark",0,2
2008,"East Timor",2,1
2008,"Ecuador",0,3
2008,"Egypt",0,0
2008,"Eritrea",4,10
2008,"Ethiopia",27,82
2008,"Finland",0,1
2008,"France",0,1
2008,"Georgia",13,62
2008,"Germany",0,2
2008,"Greece",0,3
2008,"Guyana",23,12
2008,"Hong Kong",0,46
2008,"Hungary",0,0
2008,"India",819,1759
2008,"Indonesia",0,0
2008,"Iran",26,220
2008,"Iraq",2864,6714
2008,"Ireland",0,0
2008,"Israel",34,240
2008,"Italy",0,0
2008,"Japan",0,0
2008,"Kazakhstan",2,2
2008,"Kenya",103,3
2008,"Kosovo",0,5
2008,"Lebanon",142,490
2008,"Liberia",12,0
2008,"Libya",0,0
2008,"Macedonia",2,11
2008,"Malaysia",0,0
2008,"Maldives",0,0
2008,"Mali",55,53
2008,"Mauritania",12,0
2008,"Mexico",21,104
2008,"Myanmar",14,33
2008,"Nepal",53,325
2008,"Netherlands",0,0
2008,"New Zealand",0,0
2008,"Niger",6,6
2008,"Nigeria",72,28
2008,"Pakistan",1184,1901
2008,"Peru",0,0
2008,"Philippines",220,388
2008,"Romania",0,1
2008,"Russia",95,233
2008,"Rwanda",0,4
2008,"Senegal",10,22
2008,"Serbia",2,0
2008,"Somalia",436,564
2008,"South Africa",0,0
2008,"Spain",3,59
2008,"Sri Lanka",352,1059
2008,"Sudan",205,29
2008,"Swaziland",0,0
2008,"Sweden",0,0
2008,"Syria",18,14
2008,"Taiwan",0,1
2008,"Tanzania",0,2
2008,"Thailand",166,636
2008,"Tunisia",0,0
2008,"Turkey",42,274
2008,"Uganda",3,11
2008,"Ukraine",0,2
2008,"United Kingdom",0,8
2008,"United States",2,13
2008,"Venezuela",1,0
2008,"West Bank and Gaza Strip",17,91
2008,"Yemen",74,177
2008,"Zimbabwe",7,8
2009,"Afghanistan",1064,1594
2009,"Albania",0,0
2009,"Algeria",204,211
2009,"Angola",2,0
2009,"Argentina",0,0
2009,"Armenia",1,0
2009,"Australia",0,0
2009,"Austria",1,9
2009,"Azerbaijan",1,2
2009,"Bangladesh",18,46
2009,"Belgium",0,0
2009,"Bolivia",0,7
2009,"Bosnia-Herzegovina",0,0
2009,"Cameroon",0,0
2009,"Canada",0,0
2009,"Central African Republic",38,14
2009,"Chad",0,1
2009,"Chile",0,1
2009,"China",186,56
2009,"Colombia",107,226
2009,"Croatia",0,3
2009,"Czech Republic",0,4
2009,"Democratic Republic of the Congo",824,155
2009,"Ecuador",0,0
2009,"Egypt",1,25
2009,"Equatorial Guinea",1,3
2009,"Eritrea",2,8
2009,"Ethiopia",13,0
2009,"France",0,11
2009,"Georgia",5,21
2009,"Germany",0,0
2009,"Greece",1,10
2009,"Guinea-Bissau",1,0
2009,"Honduras",2,1
2009,"Hungary",2,0
2009,"India",774,854
2009,"Indonesia",15,62
2009,"Iran",97,83
2009,"Iraq",2583,9389
2009,"Israel",1,40
2009,"Italy",0,2
2009,"Japan",0,0
2009,"Kenya",0,0
2009,"Kosovo",0,0
2009,"Lebanon",17,21
2009,"Lesotho",0,0
2009,"Macedonia",0,1
2009,"Madagascar",2,0
2009,"Malaysia",0,1
2009,"Mali",30,0
2009,"Mauritania",2,4
2009,"Mexico",2,3
2009,"Moldova",0,39
2009,"Myanmar",46,15
2009,"Nepal",20,135
2009,"Netherlands",7,12
2009,"Niger",18,3
2009,"Nigeria",316,16
2009,"Pakistan",1487,3541
2009,"Panama",1,0
2009,"Peru",19,9
2009,"Philippines",152,354
2009,"Russia",141,218
2009,"Rwanda",4,52
2009,"Saudi Arabia",5,13
2009,"Senegal",9,4
2009,"Serbia",0,2
2009,"Somalia",381,605
2009,"Spain",3,48
2009,"Sri Lanka",201,549
2009,"Sudan",77,36
2009,"Sweden",0,0
2009,"Tajikistan",0,1
2009,"Thailand",270,460
2009,"Turkey",18,48
2009,"Uganda",11,0
2009,"Ukraine",0,8
2009,"United Kingdom",3,12
2009,"United States",18,41
2009,"Uzbekistan",3,6
2009,"Venezuela",10,1
2009,"West Bank and Gaza Strip",7,3
2009,"Yemen",47,29
2010,"Afghanistan",1065,1696
2010,"Algeria",109,220
2010,"Angola",4,7
2010,"Argentina",0,0
2010,"Australia",0,0
2010,"Bahrain",0,0
2010,"Bangladesh",15,28
2010,"Belarus",0,0
2010,"Bosnia-Herzegovina",1,6
2010,"Burundi",14,55
2010,"Cameroon",5,2
2010,"Canada",0,0
2010,"Central African Republic",46,23
2010,"Chad",0,0
2010,"Chile",0,1
2010,"China",7,14
2010,"Colombia",56,141
2010,"Democratic Republic of the Congo",118,12
2010,"Denmark",0,1
2010,"Egypt",0,0
2010,"Eritrea",17,20
2010,"Ethiopia",8,20
2010,"France",0,0
2010,"Georgia",4,14
2010,"Germany",0,0
2010,"Greece",4,5
2010,"India",812,659
2010,"Indonesia",0,6
2010,"Iran",115,450
2010,"Iraq",2071,6837
2010,"Ireland",0,8
2010,"Israel",4,17
2010,"Italy",0,3
2010,"Ivory Coast",10,13
2010,"Jordan",1,4
2010,"Kenya",19,159
2010,"Kosovo",1,11
2010,"Kyrgyzstan",0,4
2010,"Lebanon",2,6
2010,"Mali",1,0
2010,"Mauritania",1,0
2010,"Mexico",0,0
2010,"Myanmar",13,84
2010,"Nepal",10,42
2010,"Netherlands",0,0
2010,"Niger",9,0
2010,"Nigeria",117,191
2010,"Norway",0,1
2010,"Pakistan",1695,2961
2010,"Paraguay",2,7
2010,"Philippines",155,231
2010,"Russia",231,609
2010,"Rwanda",6,85
2010,"Senegal",3,2
2010,"Serbia",0,4
2010,"Somalia",295,395
2010,"Spain",0,0
2010,"Sri Lanka",2,4
2010,"Sudan",81,86
2010,"Sweden",1,2
2010,"Tajikistan",4,25
2010,"Tanzania",0,0
2010,"Thailand",154,313
2010,"Trinidad and Tobago",0,0
2010,"Turkey",13,7
2010,"Uganda",75,71
2010,"Ukraine",1,8
2010,"United Arab Emirates",0,1
2010,"United Kingdom",0,22
2010,"United States",4,17
2010,"West Bank and Gaza Strip",0,16
2010,"Yemen",345,233
2010,"Zimbabwe",1,1
2011,"Afghanistan",1521,1941
2011,"Algeria",25,34
2011,"Argentina",0,0
2011,"Austria",0,0
2011,"Bahrain",0,0
2011,"Bangladesh",9,6
2011,"Belarus",13,161
2011,"Bhutan",0,2
2011,"Bosnia-Herzegovina",0,1
2011,"Bulgaria",0,0
2011,"Burundi",47,30
2011,"Cameroon",4,0
2011,"Central African Republic",35,3
2011,"Chile",0,1
2011,"China",19,32
2011,"Colombia",43,85
2011,"Czech Republic",0,0
2011,"Democratic Republic of the Congo",50,8
2011,"Ecuador",0,0
2011,"Egypt",28,109
2011,"Eritrea",17,5
2011,"Estonia",1,0
2011,"Ethiopia",2,3
2011,"France",0,4
2011,"Georgia",1,1
2011,"Germany",2,2
2011,"Greece",0,5
2011,"Honduras",2,0
2011,"India",489,727
2011,"Indonesia",20,70
2011,"Iran",18,13
2011,"Iraq",1870,5041
2011,"Ireland",1,0
2011,"Israel",21,77
2011,"Italy",0,2
2011,"Ivory Coast",23,3
2011,"Kazakhstan",12,2
2011,"Kenya",42,112
2011,"Kosovo",0,0
2011,"Kuwait",0,0
2011,"Kyrgyzstan",0,0
2011,"Lebanon",1,23
2011,"Libya",0,2
2011,"Madagascar",0,0
2011,"Mali",5,2
2011,"Mauritania",1,4
2011,"Mexico",0,1
2011,"Morocco",17,24
2011,"Myanmar",0,0
2011,"Nepal",16,80
2011,"Netherlands",0,0
2011,"Niger",4,6
2011,"Nigeria",447,619
2011,"Norway",77,75
2011,"Pakistan",1674,2649
2011,"Paraguay",0,4
2011,"Philippines",127,224
2011,"Portugal",0,0
2011,"Russia",160,433
2011,"Rwanda",2,49
2011,"Saudi Arabia",3,15
2011,"Senegal",21,6
2011,"Somalia",344,640
2011,"Sudan",193,123
2011,"Sweden",0,0
2011,"Switzerland",0,2
2011,"Syria",163,215
2011,"Thailand",152,435
2011,"Tunisia",4,0
2011,"Turkey",25,110
2011,"Ukraine",0,0
2011,"United Kingdom",1,3
2011,"United States",0,2
2011,"West Bank and Gaza Strip",15,11
2011,"Yemen",461,415
2011,"Zimbabwe",0,0
2012,"Afghanistan",3521,4659
2012,"Algeria",30,105
2012,"Argentina",0,0
2012,"Bahrain",4,37
2012,"Bangladesh",8,32
2012,"Belarus",0,0
2012,"Belgium",1,1
2012,"Bolivia",0,2
2012,"Brazil",1,0
2012,"Bulgaria",8,30
2012,"Burundi",6,22
2012,"Canada",0,0
2012,"Central African Republic",14,16
2012,"Chile",0,0
2012,"China",27,38
2012,"Colombia",168,456
2012,"Cyprus",0,0
2012,"Democratic Republic of the Congo",288,165
2012,"Ecuador",0,0
2012,"Egypt",44,87
2012,"Ethiopia",25,8
2012,"France",8,8
2012,"Georgia",1,2
2012,"Germany",0,0
2012,"Greece",0,3
2012,"Guatemala",2,1
2012,"Guinea-Bissau",1,0
2012,"Iceland",0,0
2012,"India",264,651
2012,"Indonesia",15,20
2012,"Iran",12,11
2012,"Iraq",2686,6995
2012,"Ireland",0,0
2012,"Israel",14,90
2012,"Italy",0,1
2012,"Ivory Coast",45,11
2012,"Jordan",1,16
2012,"Kazakhstan",2,3
2012,"Kenya",107,421
2012,"Kosovo",3,4
2012,"Laos",0,0
2012,"Lebanon",9,92
2012,"Liberia",0,0
2012,"Libya",33,37
2012,"Macedonia",5,0
2012,"Madagascar",0,3
2012,"Malaysia",2,1
2012,"Mali",5,45
2012,"Mexico",17,8
2012,"Moldova",0,0
2012,"Mozambique",1,4
2012,"Myanmar",16,10
2012,"Nepal",9,29
2012,"Niger",1,0
2012,"Nigeria",1508,1011
2012,"Pakistan",2784,4264
2012,"Paraguay",1,2
2012,"Peru",10,8
2012,"Philippines",210,440
2012,"Russia",161,260
2012,"Rwanda",10,40
2012,"Saudi Arabia",4,10
2012,"Senegal",16,40
2012,"Serbia",1,2
2012,"Somalia",775,719
2012,"South Africa",5,4
2012,"South Sudan",68,22
2012,"Spain",0,0
2012,"Sri Lanka",0,1
2012,"Sudan",60,95
2012,"Sweden",0,0
2012,"Syria",877,1927
2012,"Tajikistan",3,6
2012,"Thailand",209,1055
2012,"Tunisia",0,0
2012,"Turkey",248,464
2012,"Uganda",5,0
2012,"Ukraine",1,36
2012,"United Kingdom",1,2
2012,"United States",7,7
2012,"Venezuela",0,2
2012,"West Bank and Gaza Strip",12,20
2012,"Yemen",1056,925
2013,"Afghanistan",3696,4322
2013,"Albania",0,0
2013,"Algeria",101,48
2013,"Argentina",0,2
2013,"Armenia",0,1
2013,"Australia",0,0
2013,"Austria",0,2
2013,"Bahamas",0,0
2013,"Bahrain",3,39
2013,"Bangladesh",16,117
2013,"Belize",0,0
2013,"Bosnia-Herzegovina",0,0
2013,"Brazil",2,0
2013,"Bulgaria",0,0
2013,"Burkina Faso",1,0
2013,"Burundi",5,12
2013,"Cambodia",0,0
2013,"Cameroon",7,0
2013,"Canada",0,0
2013,"Central African Republic",120,71
2013,"Chile",2,1
2013,"China",60,71
2013,"Colombia",137,263
2013,"Croatia",0,1
2013,"Cyprus",0,0
2013,"Czech Republic",1,0
2013,"Democratic Republic of the Congo",150,72
2013,"Denmark",0,0
2013,"Dominican Republic",0,0
2013,"Ecuador",1,0
2013,"Egypt",243,623
2013,"Ethiopia",17,0
2013,"France",0,5
2013,"Georgia",2,0
2013,"Greece",2,7
2013,"Guatemala",4,3
2013,"Guinea",0,0
2013,"Honduras",5,0
2013,"India",467,771
2013,"Indonesia",23,16
2013,"Iran",39,17
2013,"Iraq",7038,15704
2013,"Ireland",0,2
2013,"Israel",2,8
2013,"Italy",0,4
2013,"Ivory Coast",4,3
2013,"Jordan",0,0
2013,"Kazakhstan",0,1
2013,"Kenya",206,446
2013,"Kosovo",1,4
2013,"Lebanon",190,1048
2013,"Libya",232,618
2013,"Madagascar",0,0
2013,"Malaysia",2,1
2013,"Maldives",0,2
2013,"Mali",137,138
2013,"Mexico",47,110
2013,"Montenegro",0,0
2013,"Mozambique",37,80
2013,"Myanmar",11,29
2013,"Nepal",3,86
2013,"Niger",26,33
2013,"Nigeria",2014,528
2013,"Pakistan",2874,5770
2013,"Paraguay",12,15
2013,"Peru",6,4
2013,"Philippines",432,666
2013,"Republic of the Congo",2,5
2013,"Russia",148,288
2013,"Rwanda",6,62
2013,"Saudi Arabia",1,2
2013,"Senegal",7,1
2013,"Somalia",646,597
2013,"South Africa",2,5
2013,"South Sudan",226,113
2013,"Spain",0,1
2013,"Sri Lanka",0,29
2013,"Sudan",220,150
2013,"Switzerland",0,0
2013,"Syria",1562,2237
2013,"Taiwan",0,0
2013,"Tanzania",8,83
2013,"Thailand",255,680
2013,"Trinidad and Tobago",0,0
2013,"Tunisia",25,28
2013,"Turkey",83,192
2013,"Ukraine",1,3
2013,"United Arab Emirates",0,0
2013,"United Kingdom",4,64
2013,"United States",23,436
2013,"West Bank and Gaza Strip",12,27
2013,"Yemen",624,898
2013,"Zimbabwe",1,1
2014,"Afghanistan",5413,5111
2014,"Albania",1,2
2014,"Algeria",37,30
2014,"Australia",4,7
2014,"Azerbaijan",0,1
2014,"Bahrain",9,39
2014,"Bangladesh",38,114
2014,"Belgium",4,3
2014,"Bosnia-Herzegovina",0,4
2014,"Brazil",2,0
2014,"Bulgaria",0,0
2014,"Burundi",4,1
2014,"Cameroon",788,18
2014,"Canada",7,6
2014,"Central African Republic",751,298
2014,"Chad",6,0
2014,"Chile",1,26
2014,"China",322,478
2014,"Colombia",143,314
2014,"Cyprus",0,0
2014,"Czech Republic",1,1
2014,"Democratic Republic of the Congo",366,170
2014,"Djibouti",5,15
2014,"Dominican Republic",0,35
2014,"Egypt",338,547
2014,"Ethiopia",9,6
2014,"France",1,15
2014,"Georgia",0,1
2014,"Germany",0,0
2014,"Ghana",0,3
2014,"Greece",0,4
2014,"Honduras",0,1
2014,"Hungary",0,0
2014,"Iceland",0,0
2014,"India",490,776
2014,"Indonesia",20,30
2014,"Iran",13,5
2014,"Iraq",13079,16795
2014,"Ireland",0,1
2014,"Israel",49,152
2014,"Italy",0,3
2014,"Ivory Coast",4,0
2014,"Jamaica",0,1
2014,"Japan",0,0
2014,"Jordan",1,7
2014,"Kenya",315,408
2014,"Kosovo",2,3
2014,"Kyrgyzstan",1,1
2014,"Lebanon",134,532
2014,"Liberia",0,0
2014,"Libya",696,895
2014,"Macedonia",0,5
2014,"Madagascar",1,31
2014,"Malaysia",1,4
2014,"Maldives",0,0
2014,"Mali",123,221
2014,"Malta",0,0
2014,"Mexico",1,2
2014,"Mozambique",22,60
2014,"Myanmar",15,39
2014,"Nepal",0,7
2014,"Netherlands",0,0
2014,"New Zealand",0,0
2014,"Nicaragua",5,28
2014,"Niger",11,9
2014,"Nigeria",7781,2283
2014,"Pakistan",2414,3387
2014,"Paraguay",6,2
2014,"Peru",4,12
2014,"Philippines",472,723
2014,"Russia",67,88
2014,"Rwanda",1,16
2014,"Saudi Arabia",20,23
2014,"Senegal",7,3
2014,"Somalia",1582,780
2014,"South Africa",9,8
2014,"South Sudan",908,602
2014,"Spain",0,0
2014,"Sri Lanka",3,65
2014,"Sudan",546,320
2014,"Sweden",0,1
2014,"Syria",3301,1980
2014,"Tajikistan",1,2
2014,"Tanzania",4,43
2014,"Thailand",192,651
2014,"Tunisia",43,64
2014,"Turkey",39,89
2014,"Turkmenistan",3,2
2014,"Uganda",98,16
2014,"Ukraine",1396,1226
2014,"United Arab Emirates",1,0
2014,"United Kingdom",0,4
2014,"United States",19,6
2014,"Venezuela",1,1
2014,"West Bank and Gaza Strip",67,94
2014,"Yemen",1348,1305
2014,"Zimbabwe",0,0
2015,"Afghanistan",6210,6987
2015,"Albania",0,0
2015,"Algeria",21,19
2015,"Argentina",0,0
2015,"Armenia",0,1
2015,"Australia",2,0
2015,"Bahrain",5,22
2015,"Bangladesh",86,720
2015,"Bosnia-Herzegovina",4,6
2015,"Brazil",3,0
2015,"Bulgaria",0,0
2015,"Burkina Faso",16,132
2015,"Burundi",220,218
2015,"Cameroon",928,463
2015,"Canada",0,2
2015,"Central African Republic",171,91
2015,"Chad",306,427
2015,"Chile",0,0
2015,"China",123,83
2015,"Colombia",104,138
2015,"Cyprus",0,0
2015,"Czech Republic",0,0
2015,"Democratic Republic of the Congo",367,244
2015,"Denmark",2,5
2015,"Ecuador",0,0
2015,"Egypt",791,1000
2015,"Estonia",0,0
2015,"Ethiopia",48,43
2015,"Finland",0,1
2015,"France",162,443
2015,"Georgia",0,0
2015,"Germany",1,47
2015,"Greece",1,2
2015,"Guinea",1,4
2015,"Hungary",0,0
2015,"India",387,646
2015,"Indonesia",22,17
2015,"Iran",38,11
2015,"Iraq",8835,13322
2015,"Ireland",0,0
2015,"Israel",20,118
2015,"Italy",0,1
2015,"Ivory Coast",14,10
2015,"Japan",0,0
2015,"Jordan",7,11
2015,"Kenya",276,205
2015,"Kosovo",0,0
2015,"Kuwait",28,227
2015,"Kyrgyzstan",1,0
2015,"Laos",0,0
2015,"Lebanon",111,347
2015,"Lesotho",1,2
2015,"Libya",689,841
2015,"Macedonia",0,2
2015,"Malaysia",1,1
2015,"Maldives",0,3
2015,"Mali",268,250
2015,"Malta",0,0
2015,"Mexico",9,10
2015,"Montenegro",0,0
2015,"Morocco",0,0
2015,"Mozambique",12,3
2015,"Myanmar",60,153
2015,"Nepal",0,11
2015,"Netherlands",0,0
2015,"Niger",666,116
2015,"Nigeria",5351,2854
2015,"Pakistan",1607,1848
2015,"Paraguay",13,0
2015,"Peru",6,7
2015,"Philippines",446,752
2015,"Qatar",0,1
2015,"Russia",21,24
2015,"Saudi Arabia",213,281
2015,"Senegal",0,4
2015,"Somalia",1390,799
2015,"South Africa",5,32
2015,"South Korea",0,1
2015,"South Sudan",218,137
2015,"Spain",0,0
2015,"Sri Lanka",3,14
2015,"Sudan",210,329
2015,"Sweden",4,4
2015,"Syria",3925,2978
2015,"Tajikistan",12,10
2015,"Tanzania",10,14
2015,"Thailand",116,462
2015,"Trinidad and Tobago",0,0
2015,"Tunisia",103,121
2015,"Turkey",490,1103
2015,"Uganda",4,1
2015,"Ukraine",765,1401
2015,"United Kingdom",1,23
2015,"United States",44,51
2015,"Uzbekistan",0,0
2015,"Venezuela",1,0
2015,"West Bank and Gaza Strip",117,239
2015,"Yemen",2372,3065
2016,"Afghanistan",6119,6485
2016,"Albania",0,0
2016,"Algeria",9,2
2016,"Angola",0,0
2016,"Argentina",0,2
2016,"Armenia",6,1
2016,"Australia",0,1
2016,"Austria",0,0
2016,"Azerbaijan",1,1
2016,"Bahrain",1,2
2016,"Bangladesh",76,90
2016,"Belgium",36,276
2016,"Brazil",1,0
2016,"Bulgaria",0,1
2016,"Burkina Faso",62,40
2016,"Burundi",74,213
2016,"Cameroon",245,324
2016,"Canada",1,34
2016,"Central African Republic",189,173
2016,"Chad",22,68
2016,"Chile",0,4
2016,"China",13,18
2016,"Colombia",38,60
2016,"Cyprus",0,0
2016,"Czech Republic",0,1
2016,"Democratic Republic of the Congo",532,176
2016,"Denmark",1,3
2016,"Ecuador",1,7
2016,"Egypt",606,626
2016,"Ethiopia",279,83
2016,"Finland",0,0
2016,"France",95,470
2016,"Georgia",1,7
2016,"Germany",27,117
2016,"Ghana",0,0
2016,"Greece",66,2
2016,"Guinea",1,0
2016,"Guyana",0,0
2016,"Haiti",7,0
2016,"Honduras",2,0
2016,"Hungary",0,2
2016,"India",462,784
2016,"Indonesia",22,35
2016,"Iran",12,8
2016,"Iraq",12187,14285
2016,"Ireland",2,3
2016,"Israel",16,175
2016,"Italy",1,1
2016,"Ivory Coast",22,33
2016,"Japan",19,26
2016,"Jordan",35,65
2016,"Kazakhstan",10,11
2016,"Kenya",72,69
2016,"Kosovo",0,0
2016,"Kuwait",1,1
2016,"Kyrgyzstan",1,5
2016,"Laos",3,15
2016,"Lebanon",25,74
2016,"Libya",631,737
2016,"Madagascar",3,91
2016,"Malaysia",6,9
2016,"Maldives",0,3
2016,"Mali",176,220
2016,"Mexico",4,0
2016,"Moldova",0,0
2016,"Mozambique",62,83
2016,"Myanmar",73,58
2016,"Nepal",5,15
2016,"Netherlands",1,3
2016,"New Zealand",0,0
2016,"Niger",184,139
2016,"Nigeria",2164,1155
2016,"Pakistan",1112,1894
2016,"Panama",0,0
2016,"Paraguay",10,2
2016,"Peru",11,7
2016,"Philippines",411,720
2016,"Poland",0,1
2016,"Republic of the Congo",31,0
2016,"Russia",64,61
2016,"Rwanda",0,0
2016,"Saudi Arabia",161,196
2016,"Sierra Leone",1,0
2016,"Slovak Republic",0,1
2016,"Somalia",1558,1275
2016,"South Africa",21,11
2016,"South Korea",0,0
2016,"South Sudan",633,191
2016,"Spain",0,4
2016,"Sri Lanka",0,2
2016,"Sudan",182,213
2016,"Sweden",0,1
2016,"Switzerland",0,0
2016,"Syria",2755,2936
2016,"Taiwan",0,0
2016,"Tajikistan",1,0
2016,"Tanzania",3,2
2016,"Thailand",120,385
2016,"Tunisia",71,26
2016,"Turkey",1004,2772
2016,"Uganda",75,19
2016,"Ukraine",48,39
2016,"United Kingdom",9,20
2016,"United States",68,139
2016,"Uruguay",1,1
2016,"Venezuela",9,77
2016,"West Bank and Gaza Strip",90,124
2016,"Yemen",1517,1340
